,group,side,tag,win,type,championId,champion,role
0,play_in_elim,Blue,HKA,True,ban,79,Gragas,
1,play_in_elim,Blue,HKA,True,ban,18,Tristana,
2,play_in_elim,Blue,HKA,True,ban,41,Gangplank,
3,play_in_elim,Blue,HKA,True,ban,421,Rek'Sai,
4,play_in_elim,Blue,HKA,True,ban,60,Elise,
5,play_in_elim,Blue,HKA,True,pick,150,Gnar,top
6,play_in_elim,Blue,HKA,True,pick,64,Lee Sin,jungle
7,play_in_elim,Blue,HKA,True,pick,42,Corki,mid
8,play_in_elim,Blue,HKA,True,pick,81,Ezreal,bot
9,play_in_elim,Blue,HKA,True,pick,497,Rakan,supp
10,play_in_elim,Red,ISG,False,ban,80,Pantheon,
11,play_in_elim,Red,ISG,False,ban,555,Pyke,
12,play_in_elim,Red,ISG,False,ban,134,Syndra,
13,play_in_elim,Red,ISG,False,ban,3,Galio,
14,play_in_elim,Red,ISG,False,ban,82,Mordekaiser,
15,play_in_elim,Red,ISG,False,pick,39,Irelia,top
16,play_in_elim,Red,ISG,False,pick,56,Nocturne,jungle
17,play_in_elim,Red,ISG,False,pick,84,Akali,mid
18,play_in_elim,Red,ISG,False,pick,498,Xayah,bot
19,play_in_elim,Red,ISG,False,pick,412,Thresh,supp
20,play_in_elim,Blue,ISG,False,ban,555,Pyke,
21,play_in_elim,Blue,ISG,False,ban,81,Ezreal,
22,play_in_elim,Blue,ISG,False,ban,246,Qiyana,
23,play_in_elim,Blue,ISG,False,ban,8,Vladimir,
24,play_in_elim,Blue,ISG,False,ban,64,Lee Sin,
25,play_in_elim,Blue,ISG,False,pick,41,Gangplank,top
26,play_in_elim,Blue,ISG,False,pick,72,Skarner,jungle
27,play_in_elim,Blue,ISG,False,pick,42,Corki,mid
28,play_in_elim,Blue,ISG,False,pick,498,Xayah,bot
29,play_in_elim,Blue,ISG,False,pick,497,Rakan,supp
30,play_in_elim,Red,HKA,True,ban,80,Pantheon,
31,play_in_elim,Red,HKA,True,ban,79,Gragas,
32,play_in_elim,Red,HKA,True,ban,84,Akali,
33,play_in_elim,Red,HKA,True,ban,60,Elise,
34,play_in_elim,Red,HKA,True,ban,56,Nocturne,
35,play_in_elim,Red,HKA,True,pick,18,Tristana,top
36,play_in_elim,Red,HKA,True,pick,59,Jarvan IV,jungle
37,play_in_elim,Red,HKA,True,pick,134,Syndra,mid
38,play_in_elim,Red,HKA,True,pick,45,Veigar,bot
39,play_in_elim,Red,HKA,True,pick,111,Nautilus,supp
40,play_in_elim,Blue,ISG,True,ban,58,Renekton,
41,play_in_elim,Blue,ISG,True,ban,555,Pyke,
42,play_in_elim,Blue,ISG,True,ban,246,Qiyana,
43,play_in_elim,Blue,ISG,True,ban,3,Galio,
44,play_in_elim,Blue,ISG,True,ban,42,Corki,
45,play_in_elim,Blue,ISG,True,pick,240,Kled,top
46,play_in_elim,Blue,ISG,True,pick,60,Elise,jungle
47,play_in_elim,Blue,ISG,True,pick,84,Akali,mid
48,play_in_elim,Blue,ISG,True,pick,498,Xayah,bot
49,play_in_elim,Blue,ISG,True,pick,412,Thresh,supp
50,play_in_elim,Red,HKA,False,ban,80,Pantheon,
51,play_in_elim,Red,HKA,False,ban,79,Gragas,
52,play_in_elim,Red,HKA,False,ban,134,Syndra,
53,play_in_elim,Red,HKA,False,ban,133,Quinn,
54,play_in_elim,Red,HKA,False,ban,18,Tristana,
55,play_in_elim,Red,HKA,False,pick,41,Gangplank,top
56,play_in_elim,Red,HKA,False,pick,64,Lee Sin,jungle
57,play_in_elim,Red,HKA,False,pick,4,Twisted Fate,mid
58,play_in_elim,Red,HKA,False,pick,81,Ezreal,bot
59,play_in_elim,Red,HKA,False,pick,497,Rakan,supp
60,play_in_elim,Blue,HKA,True,ban,18,Tristana,
61,play_in_elim,Blue,HKA,True,ban,79,Gragas,
62,play_in_elim,Blue,HKA,True,ban,41,Gangplank,
63,play_in_elim,Blue,HKA,True,ban,421,Rek'Sai,
64,play_in_elim,Blue,HKA,True,ban,59,Jarvan IV,
65,play_in_elim,Blue,HKA,True,pick,150,Gnar,top
66,play_in_elim,Blue,HKA,True,pick,64,Lee Sin,jungle
67,play_in_elim,Blue,HKA,True,pick,4,Twisted Fate,mid
68,play_in_elim,Blue,HKA,True,pick,134,Syndra,bot
69,play_in_elim,Blue,HKA,True,pick,555,Pyke,supp
70,play_in_elim,Red,ISG,False,ban,498,Xayah,
71,play_in_elim,Red,ISG,False,ban,58,Renekton,
72,play_in_elim,Red,ISG,False,ban,80,Pantheon,
73,play_in_elim,Red,ISG,False,ban,39,Irelia,
74,play_in_elim,Red,ISG,False,ban,246,Qiyana,
75,play_in_elim,Red,ISG,False,pick,126,Jayce,top
76,play_in_elim,Red,ISG,False,pick,72,Skarner,jungle
77,play_in_elim,Red,ISG,False,pick,84,Akali,mid
78,play_in_elim,Red,ISG,False,pick,8,Vladimir,bot
79,play_in_elim,Red,ISG,False,pick,350,Yuumi,supp
80,play_in_elim,Blue,LK,False,ban,58,Renekton,
81,play_in_elim,Blue,LK,False,ban,7,LeBlanc,
82,play_in_elim,Blue,LK,False,ban,163,Taliyah,
83,play_in_elim,Blue,LK,False,ban,497,Rakan,
84,play_in_elim,Blue,LK,False,ban,111,Nautilus,
85,play_in_elim,Blue,LK,False,pick,266,Aatrox,top
86,play_in_elim,Blue,LK,False,pick,76,Nidalee,jungle
87,play_in_elim,Blue,LK,False,pick,157,Yasuo,mid
88,play_in_elim,Blue,LK,False,pick,81,Ezreal,bot
89,play_in_elim,Blue,LK,False,pick,79,Gragas,supp
90,play_in_elim,Red,DWG,True,ban,18,Tristana,
91,play_in_elim,Red,DWG,True,ban,134,Syndra,
92,play_in_elim,Red,DWG,True,ban,80,Pantheon,
93,play_in_elim,Red,DWG,True,ban,201,Braum,
94,play_in_elim,Red,DWG,True,ban,555,Pyke,
95,play_in_elim,Red,DWG,True,pick,85,Kennen,top
96,play_in_elim,Red,DWG,True,pick,64,Lee Sin,jungle
97,play_in_elim,Red,DWG,True,pick,84,Akali,mid
98,play_in_elim,Red,DWG,True,pick,498,Xayah,bot
99,play_in_elim,Red,DWG,True,pick,350,Yuumi,supp
100,play_in_elim,Blue,DWG,True,ban,516,Ornn,
101,play_in_elim,Blue,DWG,True,ban,18,Tristana,
102,play_in_elim,Blue,DWG,True,ban,134,Syndra,
103,play_in_elim,Blue,DWG,True,ban,51,Caitlyn,
104,play_in_elim,Blue,DWG,True,ban,240,Kled,
105,play_in_elim,Blue,DWG,True,pick,58,Renekton,top
106,play_in_elim,Blue,DWG,True,pick,163,Taliyah,jungle
107,play_in_elim,Blue,DWG,True,pick,246,Qiyana,mid
108,play_in_elim,Blue,DWG,True,pick,145,Kai'Sa,bot
109,play_in_elim,Blue,DWG,True,pick,12,Alistar,supp
110,play_in_elim,Red,LK,False,ban,80,Pantheon,
111,play_in_elim,Red,LK,False,ban,7,LeBlanc,
112,play_in_elim,Red,LK,False,ban,498,Xayah,
113,play_in_elim,Red,LK,False,ban,8,Vladimir,
114,play_in_elim,Red,LK,False,ban,13,Ryze,
115,play_in_elim,Red,LK,False,pick,555,Pyke,top
116,play_in_elim,Red,LK,False,pick,79,Gragas,jungle
117,play_in_elim,Red,LK,False,pick,4,Twisted Fate,mid
118,play_in_elim,Red,LK,False,pick,236,Lucian,bot
119,play_in_elim,Red,LK,False,pick,412,Thresh,supp
120,play_in_elim,Blue,DWG,True,ban,516,Ornn,
121,play_in_elim,Blue,DWG,True,ban,18,Tristana,
122,play_in_elim,Blue,DWG,True,ban,134,Syndra,
123,play_in_elim,Blue,DWG,True,ban,60,Elise,
124,play_in_elim,Blue,DWG,True,ban,421,Rek'Sai,
125,play_in_elim,Blue,DWG,True,pick,126,Jayce,top
126,play_in_elim,Blue,DWG,True,pick,163,Taliyah,jungle
127,play_in_elim,Blue,DWG,True,pick,58,Renekton,mid
128,play_in_elim,Blue,DWG,True,pick,157,Yasuo,bot
129,play_in_elim,Blue,DWG,True,pick,79,Gragas,supp
130,play_in_elim,Red,LK,False,ban,80,Pantheon,
131,play_in_elim,Red,LK,False,ban,7,LeBlanc,
132,play_in_elim,Red,LK,False,ban,498,Xayah,
133,play_in_elim,Red,LK,False,ban,12,Alistar,
134,play_in_elim,Red,LK,False,ban,25,Morgana,
135,play_in_elim,Red,LK,False,pick,150,Gnar,top
136,play_in_elim,Red,LK,False,pick,72,Skarner,jungle
137,play_in_elim,Red,LK,False,pick,84,Akali,mid
138,play_in_elim,Red,LK,False,pick,145,Kai'Sa,bot
139,play_in_elim,Red,LK,False,pick,89,Leona,supp
140,play_in_elim,Blue,LK,True,ban,58,Renekton,
141,play_in_elim,Blue,LK,True,ban,7,LeBlanc,
142,play_in_elim,Blue,LK,True,ban,498,Xayah,
143,play_in_elim,Blue,LK,True,ban,2,Olaf,
144,play_in_elim,Blue,LK,True,ban,64,Lee Sin,
145,play_in_elim,Blue,LK,True,pick,516,Ornn,top
146,play_in_elim,Blue,LK,True,pick,79,Gragas,jungle
147,play_in_elim,Blue,LK,True,pick,4,Twisted Fate,mid
148,play_in_elim,Blue,LK,True,pick,18,Tristana,bot
149,play_in_elim,Blue,LK,True,pick,98,Shen,supp
150,play_in_elim,Red,DWG,False,ban,80,Pantheon,
151,play_in_elim,Red,DWG,False,ban,60,Elise,
152,play_in_elim,Red,DWG,False,ban,134,Syndra,
153,play_in_elim,Red,DWG,False,ban,67,Vayne,
154,play_in_elim,Red,DWG,False,ban,51,Caitlyn,
155,play_in_elim,Red,DWG,False,pick,8,Vladimir,top
156,play_in_elim,Red,DWG,False,pick,246,Qiyana,jungle
157,play_in_elim,Red,DWG,False,pick,84,Akali,mid
158,play_in_elim,Red,DWG,False,pick,86,Garen,bot
159,play_in_elim,Red,DWG,False,pick,350,Yuumi,supp
160,play_in_elim,Blue,SPY,True,ban,10,Kayle,
161,play_in_elim,Blue,SPY,True,ban,74,Heimerdinger,
162,play_in_elim,Blue,SPY,True,ban,134,Syndra,
163,play_in_elim,Blue,SPY,True,ban,4,Twisted Fate,
164,play_in_elim,Blue,SPY,True,ban,421,Rek'Sai,
165,play_in_elim,Blue,SPY,True,pick,150,Gnar,top
166,play_in_elim,Blue,SPY,True,pick,2,Olaf,jungle
167,play_in_elim,Blue,SPY,True,pick,84,Akali,mid
168,play_in_elim,Blue,SPY,True,pick,498,Xayah,bot
169,play_in_elim,Blue,SPY,True,pick,43,Karma,supp
170,play_in_elim,Red,UOL,False,ban,80,Pantheon,
171,play_in_elim,Red,UOL,False,ban,41,Gangplank,
172,play_in_elim,Red,UOL,False,ban,246,Qiyana,
173,play_in_elim,Red,UOL,False,ban,79,Gragas,
174,play_in_elim,Red,UOL,False,ban,7,LeBlanc,
175,play_in_elim,Red,UOL,False,pick,164,Camille,top
176,play_in_elim,Red,UOL,False,pick,60,Elise,jungle
177,play_in_elim,Red,UOL,False,pick,13,Ryze,mid
178,play_in_elim,Red,UOL,False,pick,51,Caitlyn,bot
179,play_in_elim,Red,UOL,False,pick,25,Morgana,supp
180,play_in_elim,Blue,UOL,True,ban,150,Gnar,
181,play_in_elim,Blue,UOL,True,ban,246,Qiyana,
182,play_in_elim,Blue,UOL,True,ban,498,Xayah,
183,play_in_elim,Blue,UOL,True,ban,222,Jinx,
184,play_in_elim,Blue,UOL,True,ban,7,LeBlanc,
185,play_in_elim,Blue,UOL,True,pick,41,Gangplank,top
186,play_in_elim,Blue,UOL,True,pick,121,Kha'Zix,jungle
187,play_in_elim,Blue,UOL,True,pick,10,Kayle,mid
188,play_in_elim,Blue,UOL,True,pick,145,Kai'Sa,bot
189,play_in_elim,Blue,UOL,True,pick,25,Morgana,supp
190,play_in_elim,Red,SPY,False,ban,80,Pantheon,
191,play_in_elim,Red,SPY,False,ban,497,Rakan,
192,play_in_elim,Red,SPY,False,ban,134,Syndra,
193,play_in_elim,Red,SPY,False,ban,111,Nautilus,
194,play_in_elim,Red,SPY,False,ban,4,Twisted Fate,
195,play_in_elim,Red,SPY,False,pick,31,Cho'Gath,top
196,play_in_elim,Red,SPY,False,pick,56,Nocturne,jungle
197,play_in_elim,Red,SPY,False,pick,84,Akali,mid
198,play_in_elim,Red,SPY,False,pick,202,Jhin,bot
199,play_in_elim,Red,SPY,False,pick,412,Thresh,supp
200,play_in_elim,Blue,SPY,True,ban,10,Kayle,
201,play_in_elim,Blue,SPY,True,ban,134,Syndra,
202,play_in_elim,Blue,SPY,True,ban,74,Heimerdinger,
203,play_in_elim,Blue,SPY,True,ban,4,Twisted Fate,
204,play_in_elim,Blue,SPY,True,ban,45,Veigar,
205,play_in_elim,Blue,SPY,True,pick,85,Kennen,top
206,play_in_elim,Blue,SPY,True,pick,246,Qiyana,jungle
207,play_in_elim,Blue,SPY,True,pick,69,Cassiopeia,mid
208,play_in_elim,Blue,SPY,True,pick,145,Kai'Sa,bot
209,play_in_elim,Blue,SPY,True,pick,111,Nautilus,supp
210,play_in_elim,Red,UOL,False,ban,80,Pantheon,
211,play_in_elim,Red,UOL,False,ban,41,Gangplank,
212,play_in_elim,Red,UOL,False,ban,498,Xayah,
213,play_in_elim,Red,UOL,False,ban,7,LeBlanc,
214,play_in_elim,Red,UOL,False,ban,15,Sivir,
215,play_in_elim,Red,UOL,False,pick,266,Aatrox,top
216,play_in_elim,Red,UOL,False,pick,72,Skarner,jungle
217,play_in_elim,Red,UOL,False,pick,42,Corki,mid
218,play_in_elim,Red,UOL,False,pick,22,Ashe,bot
219,play_in_elim,Red,UOL,False,pick,412,Thresh,supp
220,play_in_elim,Blue,SPY,True,ban,10,Kayle,
221,play_in_elim,Blue,SPY,True,ban,74,Heimerdinger,
222,play_in_elim,Blue,SPY,True,ban,80,Pantheon,
223,play_in_elim,Blue,SPY,True,ban,84,Akali,
224,play_in_elim,Blue,SPY,True,ban,157,Yasuo,
225,play_in_elim,Blue,SPY,True,pick,31,Cho'Gath,top
226,play_in_elim,Blue,SPY,True,pick,246,Qiyana,jungle
227,play_in_elim,Blue,SPY,True,pick,134,Syndra,mid
228,play_in_elim,Blue,SPY,True,pick,145,Kai'Sa,bot
229,play_in_elim,Blue,SPY,True,pick,111,Nautilus,supp
230,play_in_elim,Red,UOL,False,ban,150,Gnar,
231,play_in_elim,Red,UOL,False,ban,41,Gangplank,
232,play_in_elim,Red,UOL,False,ban,85,Kennen,
233,play_in_elim,Red,UOL,False,ban,7,LeBlanc,
234,play_in_elim,Red,UOL,False,ban,98,Shen,
235,play_in_elim,Red,UOL,False,pick,58,Renekton,top
236,play_in_elim,Red,UOL,False,pick,30,Karthus,jungle
237,play_in_elim,Red,UOL,False,pick,61,Orianna,mid
238,play_in_elim,Red,UOL,False,pick,498,Xayah,bot
239,play_in_elim,Red,UOL,False,pick,25,Morgana,supp
240,play_in_elim,Blue,UOL,True,ban,150,Gnar,
241,play_in_elim,Blue,UOL,True,ban,41,Gangplank,
242,play_in_elim,Blue,UOL,True,ban,85,Kennen,
243,play_in_elim,Blue,UOL,True,ban,7,LeBlanc,
244,play_in_elim,Blue,UOL,True,ban,84,Akali,
245,play_in_elim,Blue,UOL,True,pick,58,Renekton,top
246,play_in_elim,Blue,UOL,True,pick,30,Karthus,jungle
247,play_in_elim,Blue,UOL,True,pick,246,Qiyana,mid
248,play_in_elim,Blue,UOL,True,pick,74,Heimerdinger,bot
249,play_in_elim,Blue,UOL,True,pick,25,Morgana,supp
250,play_in_elim,Red,SPY,False,ban,80,Pantheon,
251,play_in_elim,Red,SPY,False,ban,10,Kayle,
252,play_in_elim,Red,SPY,False,ban,134,Syndra,
253,play_in_elim,Red,SPY,False,ban,9,Fiddlesticks,
254,play_in_elim,Red,SPY,False,ban,4,Twisted Fate,
255,play_in_elim,Red,SPY,False,pick,98,Shen,top
256,play_in_elim,Red,SPY,False,pick,56,Nocturne,jungle
257,play_in_elim,Red,SPY,False,pick,127,Lissandra,mid
258,play_in_elim,Red,SPY,False,pick,498,Xayah,bot
259,play_in_elim,Red,SPY,False,pick,497,Rakan,supp
260,play_in_elim,Blue,CG,True,ban,64,Lee Sin,
261,play_in_elim,Blue,CG,True,ban,246,Qiyana,
262,play_in_elim,Blue,CG,True,ban,39,Irelia,
263,play_in_elim,Blue,CG,True,ban,164,Camille,
264,play_in_elim,Blue,CG,True,ban,119,Draven,
265,play_in_elim,Blue,CG,True,pick,68,Rumble,top
266,play_in_elim,Blue,CG,True,pick,60,Elise,jungle
267,play_in_elim,Blue,CG,True,pick,236,Lucian,mid
268,play_in_elim,Blue,CG,True,pick,145,Kai'Sa,bot
269,play_in_elim,Blue,CG,True,pick,111,Nautilus,supp
270,play_in_elim,Red,RYL,False,ban,80,Pantheon,
271,play_in_elim,Red,RYL,False,ban,134,Syndra,
272,play_in_elim,Red,RYL,False,ban,497,Rakan,
273,play_in_elim,Red,RYL,False,ban,127,Lissandra,
274,play_in_elim,Red,RYL,False,ban,4,Twisted Fate,
275,play_in_elim,Red,RYL,False,pick,240,Kled,top
276,play_in_elim,Red,RYL,False,pick,2,Olaf,jungle
277,play_in_elim,Red,RYL,False,pick,7,LeBlanc,mid
278,play_in_elim,Red,RYL,False,pick,222,Jinx,bot
279,play_in_elim,Red,RYL,False,pick,412,Thresh,supp
280,play_in_elim,Blue,CG,True,ban,64,Lee Sin,
281,play_in_elim,Blue,CG,True,ban,246,Qiyana,
282,play_in_elim,Blue,CG,True,ban,2,Olaf,
283,play_in_elim,Blue,CG,True,ban,22,Ashe,
284,play_in_elim,Blue,CG,True,ban,236,Lucian,
285,play_in_elim,Blue,CG,True,pick,68,Rumble,top
286,play_in_elim,Blue,CG,True,pick,59,Jarvan IV,jungle
287,play_in_elim,Blue,CG,True,pick,518,Neeko,mid
288,play_in_elim,Blue,CG,True,pick,145,Kai'Sa,bot
289,play_in_elim,Blue,CG,True,pick,555,Pyke,supp
290,play_in_elim,Red,RYL,False,ban,80,Pantheon,
291,play_in_elim,Red,RYL,False,ban,134,Syndra,
292,play_in_elim,Red,RYL,False,ban,497,Rakan,
293,play_in_elim,Red,RYL,False,ban,111,Nautilus,
294,play_in_elim,Red,RYL,False,ban,12,Alistar,
295,play_in_elim,Red,RYL,False,pick,58,Renekton,top
296,play_in_elim,Red,RYL,False,pick,60,Elise,jungle
297,play_in_elim,Red,RYL,False,pick,39,Irelia,mid
298,play_in_elim,Red,RYL,False,pick,81,Ezreal,bot
299,play_in_elim,Red,RYL,False,pick,412,Thresh,supp
300,play_in_elim,Blue,CG,True,ban,64,Lee Sin,
301,play_in_elim,Blue,CG,True,ban,246,Qiyana,
302,play_in_elim,Blue,CG,True,ban,2,Olaf,
303,play_in_elim,Blue,CG,True,ban,497,Rakan,
304,play_in_elim,Blue,CG,True,ban,164,Camille,
305,play_in_elim,Blue,CG,True,pick,81,Ezreal,top
306,play_in_elim,Blue,CG,True,pick,421,Rek'Sai,jungle
307,play_in_elim,Blue,CG,True,pick,134,Syndra,mid
308,play_in_elim,Blue,CG,True,pick,236,Lucian,bot
309,play_in_elim,Blue,CG,True,pick,412,Thresh,supp
310,play_in_elim,Red,RYL,False,ban,80,Pantheon,
311,play_in_elim,Red,RYL,False,ban,68,Rumble,
312,play_in_elim,Red,RYL,False,ban,41,Gangplank,
313,play_in_elim,Red,RYL,False,ban,39,Irelia,
314,play_in_elim,Red,RYL,False,ban,7,LeBlanc,
315,play_in_elim,Red,RYL,False,pick,126,Jayce,top
316,play_in_elim,Red,RYL,False,pick,59,Jarvan IV,jungle
317,play_in_elim,Red,RYL,False,pick,61,Orianna,mid
318,play_in_elim,Red,RYL,False,pick,145,Kai'Sa,bot
319,play_in_elim,Red,RYL,False,pick,53,Blitzcrank,supp
320,groups,Blue,IG,False,ban,64,Lee Sin,
321,groups,Blue,IG,False,ban,58,Renekton,
322,groups,Blue,IG,False,ban,134,Syndra,
323,groups,Blue,IG,False,ban,3,Galio,
324,groups,Blue,IG,False,ban,25,Morgana,
325,groups,Blue,IG,False,pick,84,Akali,top
326,groups,Blue,IG,False,pick,79,Gragas,jungle
327,groups,Blue,IG,False,pick,236,Lucian,mid
328,groups,Blue,IG,False,pick,81,Ezreal,bot
329,groups,Blue,IG,False,pick,111,Nautilus,supp
330,groups,Red,DWG,True,ban,80,Pantheon,
331,groups,Red,DWG,True,ban,246,Qiyana,
332,groups,Red,DWG,True,ban,7,LeBlanc,
333,groups,Red,DWG,True,ban,39,Irelia,
334,groups,Red,DWG,True,ban,157,Yasuo,
335,groups,Red,DWG,True,pick,126,Jayce,top
336,groups,Red,DWG,True,pick,163,Taliyah,jungle
337,groups,Red,DWG,True,pick,10,Kayle,mid
338,groups,Red,DWG,True,pick,145,Kai'Sa,bot
339,groups,Red,DWG,True,pick,78,Poppy,supp
340,groups,Blue,TL,False,ban,58,Renekton,
341,groups,Blue,TL,False,ban,246,Qiyana,
342,groups,Blue,TL,False,ban,84,Akali,
343,groups,Blue,TL,False,ban,8,Vladimir,
344,groups,Blue,TL,False,ban,39,Irelia,
345,groups,Blue,TL,False,pick,14,Sion,top
346,groups,Blue,TL,False,pick,64,Lee Sin,jungle
347,groups,Blue,TL,False,pick,34,Anivia,mid
348,groups,Blue,TL,False,pick,145,Kai'Sa,bot
349,groups,Blue,TL,False,pick,111,Nautilus,supp
350,groups,Red,DWG,True,ban,80,Pantheon,
351,groups,Red,DWG,True,ban,59,Jarvan IV,
352,groups,Red,DWG,True,ban,497,Rakan,
353,groups,Red,DWG,True,ban,7,LeBlanc,
354,groups,Red,DWG,True,ban,13,Ryze,
355,groups,Red,DWG,True,pick,10,Kayle,top
356,groups,Red,DWG,True,pick,421,Rek'Sai,jungle
357,groups,Red,DWG,True,pick,42,Corki,mid
358,groups,Red,DWG,True,pick,157,Yasuo,bot
359,groups,Red,DWG,True,pick,79,Gragas,supp
360,groups,Blue,IG,True,ban,10,Kayle,
361,groups,Blue,IG,True,ban,58,Renekton,
362,groups,Blue,IG,True,ban,59,Jarvan IV,
363,groups,Blue,IG,True,ban,13,Ryze,
364,groups,Blue,IG,True,ban,25,Morgana,
365,groups,Blue,IG,True,pick,41,Gangplank,top
366,groups,Blue,IG,True,pick,79,Gragas,jungle
367,groups,Blue,IG,True,pick,126,Jayce,mid
368,groups,Blue,IG,True,pick,81,Ezreal,bot
369,groups,Blue,IG,True,pick,12,Alistar,supp
370,groups,Red,AHQ,False,ban,80,Pantheon,
371,groups,Red,AHQ,False,ban,246,Qiyana,
372,groups,Red,AHQ,False,ban,134,Syndra,
373,groups,Red,AHQ,False,ban,7,LeBlanc,
374,groups,Red,AHQ,False,ban,8,Vladimir,
375,groups,Red,AHQ,False,pick,150,Gnar,top
376,groups,Red,AHQ,False,pick,64,Lee Sin,jungle
377,groups,Red,AHQ,False,pick,84,Akali,mid
378,groups,Red,AHQ,False,pick,145,Kai'Sa,bot
379,groups,Red,AHQ,False,pick,111,Nautilus,supp
380,groups,Blue,TL,False,ban,10,Kayle,
381,groups,Blue,TL,False,ban,246,Qiyana,
382,groups,Blue,TL,False,ban,134,Syndra,
383,groups,Blue,TL,False,ban,114,Fiora,
384,groups,Blue,TL,False,ban,126,Jayce,
385,groups,Blue,TL,False,pick,41,Gangplank,top
386,groups,Blue,TL,False,pick,79,Gragas,jungle
387,groups,Blue,TL,False,pick,84,Akali,mid
388,groups,Blue,TL,False,pick,498,Xayah,bot
389,groups,Blue,TL,False,pick,497,Rakan,supp
390,groups,Red,IG,True,ban,59,Jarvan IV,
391,groups,Red,IG,True,ban,80,Pantheon,
392,groups,Red,IG,True,ban,3,Galio,
393,groups,Red,IG,True,ban,7,LeBlanc,
394,groups,Red,IG,True,ban,240,Kled,
395,groups,Red,IG,True,pick,8,Vladimir,top
396,groups,Red,IG,True,pick,2,Olaf,jungle
397,groups,Red,IG,True,pick,61,Orianna,mid
398,groups,Red,IG,True,pick,145,Kai'Sa,bot
399,groups,Red,IG,True,pick,9,Fiddlesticks,supp
400,groups,Blue,DWG,True,ban,7,LeBlanc,
401,groups,Blue,DWG,True,ban,10,Kayle,
402,groups,Blue,DWG,True,ban,246,Qiyana,
403,groups,Blue,DWG,True,ban,13,Ryze,
404,groups,Blue,DWG,True,ban,119,Draven,
405,groups,Blue,DWG,True,pick,8,Vladimir,top
406,groups,Blue,DWG,True,pick,64,Lee Sin,jungle
407,groups,Blue,DWG,True,pick,84,Akali,mid
408,groups,Blue,DWG,True,pick,145,Kai'Sa,bot
409,groups,Blue,DWG,True,pick,89,Leona,supp
410,groups,Red,IG,False,ban,80,Pantheon,
411,groups,Red,IG,False,ban,79,Gragas,
412,groups,Red,IG,False,ban,58,Renekton,
413,groups,Red,IG,False,ban,164,Camille,
414,groups,Red,IG,False,ban,53,Blitzcrank,
415,groups,Red,IG,False,pick,126,Jayce,top
416,groups,Red,IG,False,pick,421,Rek'Sai,jungle
417,groups,Red,IG,False,pick,61,Orianna,mid
418,groups,Red,IG,False,pick,134,Syndra,bot
419,groups,Red,IG,False,pick,111,Nautilus,supp
420,groups,Blue,AHQ,False,ban,7,LeBlanc,
421,groups,Blue,AHQ,False,ban,84,Akali,
422,groups,Blue,AHQ,False,ban,10,Kayle,
423,groups,Blue,AHQ,False,ban,497,Rakan,
424,groups,Blue,AHQ,False,ban,8,Vladimir,
425,groups,Blue,AHQ,False,pick,41,Gangplank,top
426,groups,Blue,AHQ,False,pick,79,Gragas,jungle
427,groups,Blue,AHQ,False,pick,112,Viktor,mid
428,groups,Blue,AHQ,False,pick,145,Kai'Sa,bot
429,groups,Blue,AHQ,False,pick,111,Nautilus,supp
430,groups,Red,IG,True,ban,80,Pantheon,
431,groups,Red,IG,True,ban,246,Qiyana,
432,groups,Red,IG,True,ban,134,Syndra,
433,groups,Red,IG,True,ban,58,Renekton,
434,groups,Red,IG,True,ban,39,Irelia,
435,groups,Red,IG,True,pick,126,Jayce,top
436,groups,Red,IG,True,pick,2,Olaf,jungle
437,groups,Red,IG,True,pick,61,Orianna,mid
438,groups,Red,IG,True,pick,498,Xayah,bot
439,groups,Red,IG,True,pick,25,Morgana,supp
440,groups,Blue,IG,True,ban,59,Jarvan IV,
441,groups,Blue,IG,True,ban,497,Rakan,
442,groups,Blue,IG,True,ban,72,Skarner,
443,groups,Blue,IG,True,ban,64,Lee Sin,
444,groups,Blue,IG,True,ban,10,Kayle,
445,groups,Blue,IG,True,pick,8,Vladimir,top
446,groups,Blue,IG,True,pick,79,Gragas,jungle
447,groups,Blue,IG,True,pick,246,Qiyana,mid
448,groups,Blue,IG,True,pick,145,Kai'Sa,bot
449,groups,Blue,IG,True,pick,12,Alistar,supp
450,groups,Red,TL,False,ban,80,Pantheon,
451,groups,Red,TL,False,ban,126,Jayce,
452,groups,Red,TL,False,ban,84,Akali,
453,groups,Red,TL,False,ban,134,Syndra,
454,groups,Red,TL,False,ban,127,Lissandra,
455,groups,Red,TL,False,pick,266,Aatrox,top
456,groups,Red,TL,False,pick,2,Olaf,jungle
457,groups,Red,TL,False,pick,7,LeBlanc,mid
458,groups,Red,TL,False,pick,498,Xayah,bot
459,groups,Red,TL,False,pick,111,Nautilus,supp
460,groups,Blue,DWG,False,ban,134,Syndra,
461,groups,Blue,DWG,False,ban,498,Xayah,
462,groups,Blue,DWG,False,ban,350,Yuumi,
463,groups,Blue,DWG,False,ban,240,Kled,
464,groups,Blue,DWG,False,ban,25,Morgana,
465,groups,Blue,DWG,False,pick,8,Vladimir,top
466,groups,Blue,DWG,False,pick,79,Gragas,jungle
467,groups,Blue,DWG,False,pick,157,Yasuo,mid
468,groups,Blue,DWG,False,pick,45,Veigar,bot
469,groups,Blue,DWG,False,pick,12,Alistar,supp
470,groups,Red,TL,True,ban,80,Pantheon,
471,groups,Red,TL,True,ban,58,Renekton,
472,groups,Red,TL,True,ban,74,Heimerdinger,
473,groups,Red,TL,True,ban,64,Lee Sin,
474,groups,Red,TL,True,ban,10,Kayle,
475,groups,Red,TL,True,pick,266,Aatrox,top
476,groups,Red,TL,True,pick,59,Jarvan IV,jungle
477,groups,Red,TL,True,pick,7,LeBlanc,mid
478,groups,Red,TL,True,pick,145,Kai'Sa,bot
479,groups,Red,TL,True,pick,3,Galio,supp
480,groups,Blue,AHQ,False,ban,58,Renekton,
481,groups,Blue,AHQ,False,ban,79,Gragas,
482,groups,Blue,AHQ,False,ban,7,LeBlanc,
483,groups,Blue,AHQ,False,ban,8,Vladimir,
484,groups,Blue,AHQ,False,ban,39,Irelia,
485,groups,Blue,AHQ,False,pick,68,Rumble,top
486,groups,Blue,AHQ,False,pick,59,Jarvan IV,jungle
487,groups,Blue,AHQ,False,pick,246,Qiyana,mid
488,groups,Blue,AHQ,False,pick,498,Xayah,bot
489,groups,Blue,AHQ,False,pick,497,Rakan,supp
490,groups,Red,DWG,True,ban,80,Pantheon,
491,groups,Red,DWG,True,ban,134,Syndra,
492,groups,Red,DWG,True,ban,10,Kayle,
493,groups,Red,DWG,True,ban,421,Rek'Sai,
494,groups,Red,DWG,True,ban,4,Twisted Fate,
495,groups,Red,DWG,True,pick,164,Camille,top
496,groups,Red,DWG,True,pick,64,Lee Sin,jungle
497,groups,Red,DWG,True,pick,84,Akali,mid
498,groups,Red,DWG,True,pick,145,Kai'Sa,bot
499,groups,Red,DWG,True,pick,89,Leona,supp
500,groups,Blue,TL,True,ban,246,Qiyana,
501,groups,Blue,TL,True,ban,10,Kayle,
502,groups,Blue,TL,True,ban,68,Rumble,
503,groups,Blue,TL,True,ban,8,Vladimir,
504,groups,Blue,TL,True,ban,111,Nautilus,
505,groups,Blue,TL,True,pick,41,Gangplank,top
506,groups,Blue,TL,True,pick,79,Gragas,jungle
507,groups,Blue,TL,True,pick,7,LeBlanc,mid
508,groups,Blue,TL,True,pick,498,Xayah,bot
509,groups,Blue,TL,True,pick,497,Rakan,supp
510,groups,Red,AHQ,False,ban,80,Pantheon,
511,groups,Red,AHQ,False,ban,84,Akali,
512,groups,Red,AHQ,False,ban,145,Kai'Sa,
513,groups,Red,AHQ,False,ban,58,Renekton,
514,groups,Red,AHQ,False,ban,60,Elise,
515,groups,Red,AHQ,False,pick,31,Cho'Gath,top
516,groups,Red,AHQ,False,pick,59,Jarvan IV,jungle
517,groups,Red,AHQ,False,pick,127,Lissandra,mid
518,groups,Red,AHQ,False,pick,81,Ezreal,bot
519,groups,Red,AHQ,False,pick,350,Yuumi,supp
520,groups,Blue,AHQ,False,ban,59,Jarvan IV,
521,groups,Blue,AHQ,False,ban,7,LeBlanc,
522,groups,Blue,AHQ,False,ban,84,Akali,
523,groups,Blue,AHQ,False,ban,41,Gangplank,
524,groups,Blue,AHQ,False,ban,240,Kled,
525,groups,Blue,AHQ,False,pick,68,Rumble,top
526,groups,Blue,AHQ,False,pick,517,Sylas,jungle
527,groups,Blue,AHQ,False,pick,246,Qiyana,mid
528,groups,Blue,AHQ,False,pick,145,Kai'Sa,bot
529,groups,Blue,AHQ,False,pick,111,Nautilus,supp
530,groups,Red,TL,True,ban,80,Pantheon,
531,groups,Red,TL,True,ban,10,Kayle,
532,groups,Red,TL,True,ban,134,Syndra,
533,groups,Red,TL,True,ban,39,Irelia,
534,groups,Red,TL,True,pick,58,Renekton,top
535,groups,Red,TL,True,pick,79,Gragas,jungle
536,groups,Red,TL,True,pick,61,Orianna,mid
537,groups,Red,TL,True,pick,498,Xayah,bot
538,groups,Red,TL,True,pick,497,Rakan,supp
539,groups,Blue,DWG,True,ban,68,Rumble,
540,groups,Blue,DWG,True,ban,134,Syndra,
541,groups,Blue,DWG,True,ban,10,Kayle,
542,groups,Blue,DWG,True,ban,150,Gnar,
543,groups,Blue,DWG,True,ban,61,Orianna,
544,groups,Blue,DWG,True,pick,58,Renekton,top
545,groups,Blue,DWG,True,pick,163,Taliyah,jungle
546,groups,Blue,DWG,True,pick,157,Yasuo,mid
547,groups,Blue,DWG,True,pick,498,Xayah,bot
548,groups,Blue,DWG,True,pick,516,Ornn,supp
549,groups,Red,AHQ,False,ban,80,Pantheon,
550,groups,Red,AHQ,False,ban,79,Gragas,
551,groups,Red,AHQ,False,ban,246,Qiyana,
552,groups,Red,AHQ,False,ban,7,LeBlanc,
553,groups,Red,AHQ,False,ban,84,Akali,
554,groups,Red,AHQ,False,pick,14,Sion,top
555,groups,Red,AHQ,False,pick,64,Lee Sin,jungle
556,groups,Red,AHQ,False,pick,26,Zilean,mid
557,groups,Red,AHQ,False,pick,145,Kai'Sa,bot
558,groups,Red,AHQ,False,pick,111,Nautilus,supp
559,play_in_groups,Blue,DFM,False,ban,246,Qiyana,
560,play_in_groups,Blue,DFM,False,ban,41,Gangplank,
561,play_in_groups,Blue,DFM,False,ban,84,Akali,
562,play_in_groups,Blue,DFM,False,ban,60,Elise,
563,play_in_groups,Blue,DFM,False,ban,2,Olaf,
564,play_in_groups,Blue,DFM,False,pick,150,Gnar,top
565,play_in_groups,Blue,DFM,False,pick,245,Ekko,jungle
566,play_in_groups,Blue,DFM,False,pick,56,Nocturne,mid
567,play_in_groups,Blue,DFM,False,pick,236,Lucian,bot
568,play_in_groups,Blue,DFM,False,pick,412,Thresh,supp
569,play_in_groups,Red,SPY,True,ban,74,Heimerdinger,
570,play_in_groups,Red,SPY,True,ban,80,Pantheon,
571,play_in_groups,Red,SPY,True,ban,134,Syndra,
572,play_in_groups,Red,SPY,True,ban,69,Cassiopeia,
573,play_in_groups,Red,SPY,True,ban,145,Kai'Sa,
574,play_in_groups,Red,SPY,True,pick,85,Kennen,top
575,play_in_groups,Red,SPY,True,pick,120,Hecarim,jungle
576,play_in_groups,Red,SPY,True,pick,13,Ryze,mid
577,play_in_groups,Red,SPY,True,pick,498,Xayah,bot
578,play_in_groups,Red,SPY,True,pick,497,Rakan,supp
579,play_in_groups,Blue,DFM,False,ban,39,Irelia,
580,play_in_groups,Blue,DFM,False,ban,157,Yasuo,
581,play_in_groups,Blue,DFM,False,ban,236,Lucian,
582,play_in_groups,Blue,DFM,False,ban,41,Gangplank,
583,play_in_groups,Blue,DFM,False,ban,246,Qiyana,
584,play_in_groups,Blue,DFM,False,pick,10,Kayle,top
585,play_in_groups,Blue,DFM,False,pick,245,Ekko,jungle
586,play_in_groups,Blue,DFM,False,pick,43,Karma,mid
587,play_in_groups,Blue,DFM,False,pick,498,Xayah,bot
588,play_in_groups,Blue,DFM,False,pick,497,Rakan,supp
589,play_in_groups,Red,ISG,True,ban,80,Pantheon,
590,play_in_groups,Red,ISG,True,ban,74,Heimerdinger,
591,play_in_groups,Red,ISG,True,ban,412,Thresh,
592,play_in_groups,Red,ISG,True,ban,56,Nocturne,
593,play_in_groups,Red,ISG,True,ban,72,Skarner,
594,play_in_groups,Red,ISG,True,pick,150,Gnar,top
595,play_in_groups,Red,ISG,True,pick,79,Gragas,jungle
596,play_in_groups,Red,ISG,True,pick,13,Ryze,mid
597,play_in_groups,Red,ISG,True,pick,81,Ezreal,bot
598,play_in_groups,Red,ISG,True,pick,89,Leona,supp
599,play_in_groups,Blue,ISG,True,ban,74,Heimerdinger,
600,play_in_groups,Blue,ISG,True,ban,412,Thresh,
601,play_in_groups,Blue,ISG,True,ban,56,Nocturne,
602,play_in_groups,Blue,ISG,True,ban,3,Galio,
603,play_in_groups,Blue,ISG,True,ban,43,Karma,
604,play_in_groups,Blue,ISG,True,pick,41,Gangplank,top
605,play_in_groups,Blue,ISG,True,pick,79,Gragas,jungle
606,play_in_groups,Blue,ISG,True,pick,134,Syndra,mid
607,play_in_groups,Blue,ISG,True,pick,498,Xayah,bot
608,play_in_groups,Blue,ISG,True,pick,111,Nautilus,supp
609,play_in_groups,Red,DFM,False,ban,80,Pantheon,
610,play_in_groups,Red,DFM,False,ban,157,Yasuo,
611,play_in_groups,Red,DFM,False,ban,236,Lucian,
612,play_in_groups,Red,DFM,False,ban,13,Ryze,
613,play_in_groups,Red,DFM,False,ban,7,LeBlanc,
614,play_in_groups,Red,DFM,False,pick,150,Gnar,top
615,play_in_groups,Red,DFM,False,pick,72,Skarner,jungle
616,play_in_groups,Red,DFM,False,pick,115,Ziggs,mid
617,play_in_groups,Red,DFM,False,pick,81,Ezreal,bot
618,play_in_groups,Red,DFM,False,pick,497,Rakan,supp
619,play_in_groups,Blue,ISG,False,ban,246,Qiyana,
620,play_in_groups,Blue,ISG,False,ban,498,Xayah,
621,play_in_groups,Blue,ISG,False,ban,145,Kai'Sa,
622,play_in_groups,Blue,ISG,False,ban,22,Ashe,
623,play_in_groups,Blue,ISG,False,ban,157,Yasuo,
624,play_in_groups,Blue,ISG,False,pick,133,Quinn,top
625,play_in_groups,Blue,ISG,False,pick,59,Jarvan IV,jungle
626,play_in_groups,Blue,ISG,False,pick,7,LeBlanc,mid
627,play_in_groups,Blue,ISG,False,pick,236,Lucian,bot
628,play_in_groups,Blue,ISG,False,pick,201,Braum,supp
629,play_in_groups,Red,SPY,True,ban,80,Pantheon,
630,play_in_groups,Red,SPY,True,ban,134,Syndra,
631,play_in_groups,Red,SPY,True,ban,8,Vladimir,
632,play_in_groups,Red,SPY,True,ban,150,Gnar,
633,play_in_groups,Red,SPY,True,ban,4,Twisted Fate,
634,play_in_groups,Red,SPY,True,pick,41,Gangplank,top
635,play_in_groups,Red,SPY,True,pick,79,Gragas,jungle
636,play_in_groups,Red,SPY,True,pick,42,Corki,mid
637,play_in_groups,Red,SPY,True,pick,202,Jhin,bot
638,play_in_groups,Red,SPY,True,pick,412,Thresh,supp
639,play_in_groups,Blue,SPY,False,ban,74,Heimerdinger,
640,play_in_groups,Blue,SPY,False,ban,350,Yuumi,
641,play_in_groups,Blue,SPY,False,ban,134,Syndra,
642,play_in_groups,Blue,SPY,False,ban,4,Twisted Fate,
643,play_in_groups,Blue,SPY,False,ban,69,Cassiopeia,
644,play_in_groups,Blue,SPY,False,pick,85,Kennen,top
645,play_in_groups,Blue,SPY,False,pick,120,Hecarim,jungle
646,play_in_groups,Blue,SPY,False,pick,7,LeBlanc,mid
647,play_in_groups,Blue,SPY,False,pick,145,Kai'Sa,bot
648,play_in_groups,Blue,SPY,False,pick,111,Nautilus,supp
649,play_in_groups,Red,DFM,True,ban,80,Pantheon,
650,play_in_groups,Red,DFM,True,ban,246,Qiyana,
651,play_in_groups,Red,DFM,True,ban,498,Xayah,
652,play_in_groups,Red,DFM,True,ban,13,Ryze,
653,play_in_groups,Red,DFM,True,ban,84,Akali,
654,play_in_groups,Red,DFM,True,pick,150,Gnar,top
655,play_in_groups,Red,DFM,True,pick,56,Nocturne,jungle
656,play_in_groups,Red,DFM,True,pick,3,Galio,mid
657,play_in_groups,Red,DFM,True,pick,22,Ashe,bot
658,play_in_groups,Red,DFM,True,pick,412,Thresh,supp
659,play_in_groups,Blue,SPY,True,ban,350,Yuumi,
660,play_in_groups,Blue,SPY,True,ban,58,Renekton,
661,play_in_groups,Blue,SPY,True,ban,134,Syndra,
662,play_in_groups,Blue,SPY,True,ban,4,Twisted Fate,
663,play_in_groups,Blue,SPY,True,ban,69,Cassiopeia,
664,play_in_groups,Blue,SPY,True,pick,150,Gnar,top
665,play_in_groups,Blue,SPY,True,pick,59,Jarvan IV,jungle
666,play_in_groups,Blue,SPY,True,pick,7,LeBlanc,mid
667,play_in_groups,Blue,SPY,True,pick,498,Xayah,bot
668,play_in_groups,Blue,SPY,True,pick,497,Rakan,supp
669,play_in_groups,Red,ISG,False,ban,246,Qiyana,
670,play_in_groups,Red,ISG,False,ban,84,Akali,
671,play_in_groups,Red,ISG,False,ban,80,Pantheon,
672,play_in_groups,Red,ISG,False,ban,79,Gragas,
673,play_in_groups,Red,ISG,False,ban,56,Nocturne,
674,play_in_groups,Red,ISG,False,pick,41,Gangplank,top
675,play_in_groups,Red,ISG,False,pick,64,Lee Sin,jungle
676,play_in_groups,Red,ISG,False,pick,127,Lissandra,mid
677,play_in_groups,Red,ISG,False,pick,145,Kai'Sa,bot
678,play_in_groups,Red,ISG,False,pick,111,Nautilus,supp
679,play_in_groups,Blue,RYL,False,ban,421,Rek'Sai,
680,play_in_groups,Blue,RYL,False,ban,79,Gragas,
681,play_in_groups,Blue,RYL,False,ban,350,Yuumi,
682,play_in_groups,Blue,RYL,False,ban,498,Xayah,
683,play_in_groups,Blue,RYL,False,ban,7,LeBlanc,
684,play_in_groups,Blue,RYL,False,pick,58,Renekton,top
685,play_in_groups,Blue,RYL,False,pick,30,Karthus,jungle
686,play_in_groups,Blue,RYL,False,pick,268,Azir,mid
687,play_in_groups,Blue,RYL,False,pick,145,Kai'Sa,bot
688,play_in_groups,Blue,RYL,False,pick,111,Nautilus,supp
689,play_in_groups,Red,FLA,True,ban,80,Pantheon,
690,play_in_groups,Red,FLA,True,ban,246,Qiyana,
691,play_in_groups,Red,FLA,True,ban,134,Syndra,
692,play_in_groups,Red,FLA,True,ban,60,Elise,
693,play_in_groups,Red,FLA,True,ban,59,Jarvan IV,
694,play_in_groups,Red,FLA,True,pick,518,Neeko,top
695,play_in_groups,Red,FLA,True,pick,64,Lee Sin,jungle
696,play_in_groups,Red,FLA,True,pick,142,Zoe,mid
697,play_in_groups,Red,FLA,True,pick,119,Draven,bot
698,play_in_groups,Red,FLA,True,pick,412,Thresh,supp
699,play_in_groups,Blue,FLA,False,ban,246,Qiyana,
700,play_in_groups,Blue,FLA,False,ban,60,Elise,
701,play_in_groups,Blue,FLA,False,ban,58,Renekton,
702,play_in_groups,Blue,FLA,False,ban,240,Kled,
703,play_in_groups,Blue,FLA,False,ban,555,Pyke,
704,play_in_groups,Blue,FLA,False,pick,164,Camille,top
705,play_in_groups,Blue,FLA,False,pick,421,Rek'Sai,jungle
706,play_in_groups,Blue,FLA,False,pick,134,Syndra,mid
707,play_in_groups,Blue,FLA,False,pick,15,Sivir,bot
708,play_in_groups,Blue,FLA,False,pick,412,Thresh,supp
709,play_in_groups,Red,RYL,True,ban,80,Pantheon,
710,play_in_groups,Red,RYL,True,ban,119,Draven,
711,play_in_groups,Red,RYL,True,ban,79,Gragas,
712,play_in_groups,Red,RYL,True,ban,41,Gangplank,
713,play_in_groups,Red,RYL,True,ban,145,Kai'Sa,
714,play_in_groups,Red,RYL,True,pick,114,Fiora,top
715,play_in_groups,Red,RYL,True,pick,64,Lee Sin,jungle
716,play_in_groups,Red,RYL,True,pick,7,LeBlanc,mid
717,play_in_groups,Red,RYL,True,pick,81,Ezreal,bot
718,play_in_groups,Red,RYL,True,pick,53,Blitzcrank,supp
719,play_in_groups,Blue,FLA,False,ban,246,Qiyana,
720,play_in_groups,Blue,FLA,False,ban,79,Gragas,
721,play_in_groups,Blue,FLA,False,ban,58,Renekton,
722,play_in_groups,Blue,FLA,False,ban,497,Rakan,
723,play_in_groups,Blue,FLA,False,ban,84,Akali,
724,play_in_groups,Blue,FLA,False,pick,39,Irelia,top
725,play_in_groups,Blue,FLA,False,pick,421,Rek'Sai,jungle
726,play_in_groups,Blue,FLA,False,pick,518,Neeko,mid
727,play_in_groups,Blue,FLA,False,pick,145,Kai'Sa,bot
728,play_in_groups,Blue,FLA,False,pick,555,Pyke,supp
729,play_in_groups,Red,DWG,True,ban,80,Pantheon,
730,play_in_groups,Red,DWG,True,ban,119,Draven,
731,play_in_groups,Red,DWG,True,ban,134,Syndra,
732,play_in_groups,Red,DWG,True,ban,412,Thresh,
733,play_in_groups,Red,DWG,True,ban,111,Nautilus,
734,play_in_groups,Red,DWG,True,pick,13,Ryze,top
735,play_in_groups,Red,DWG,True,pick,64,Lee Sin,jungle
736,play_in_groups,Red,DWG,True,pick,7,LeBlanc,mid
737,play_in_groups,Red,DWG,True,pick,498,Xayah,bot
738,play_in_groups,Red,DWG,True,pick,350,Yuumi,supp
739,play_in_groups,Blue,DWG,True,ban,246,Qiyana,
740,play_in_groups,Blue,DWG,True,ban,350,Yuumi,
741,play_in_groups,Blue,DWG,True,ban,134,Syndra,
742,play_in_groups,Blue,DWG,True,ban,39,Irelia,
743,play_in_groups,Blue,DWG,True,ban,13,Ryze,
744,play_in_groups,Blue,DWG,True,pick,8,Vladimir,top
745,play_in_groups,Blue,DWG,True,pick,421,Rek'Sai,jungle
746,play_in_groups,Blue,DWG,True,pick,84,Akali,mid
747,play_in_groups,Blue,DWG,True,pick,145,Kai'Sa,bot
748,play_in_groups,Blue,DWG,True,pick,111,Nautilus,supp
749,play_in_groups,Red,RYL,False,ban,80,Pantheon,
750,play_in_groups,Red,RYL,False,ban,58,Renekton,
751,play_in_groups,Red,RYL,False,ban,79,Gragas,
752,play_in_groups,Red,RYL,False,ban,89,Leona,
753,play_in_groups,Red,RYL,False,ban,7,LeBlanc,
754,play_in_groups,Red,RYL,False,pick,240,Kled,top
755,play_in_groups,Red,RYL,False,pick,64,Lee Sin,jungle
756,play_in_groups,Red,RYL,False,pick,3,Galio,mid
757,play_in_groups,Red,RYL,False,pick,498,Xayah,bot
758,play_in_groups,Red,RYL,False,pick,497,Rakan,supp
759,play_in_groups,Blue,RYL,True,ban,119,Draven,
760,play_in_groups,Blue,RYL,True,ban,421,Rek'Sai,
761,play_in_groups,Blue,RYL,True,ban,79,Gragas,
762,play_in_groups,Blue,RYL,True,ban,145,Kai'Sa,
763,play_in_groups,Blue,RYL,True,ban,51,Caitlyn,
764,play_in_groups,Blue,RYL,True,pick,41,Gangplank,top
765,play_in_groups,Blue,RYL,True,pick,64,Lee Sin,jungle
766,play_in_groups,Blue,RYL,True,pick,4,Twisted Fate,mid
767,play_in_groups,Blue,RYL,True,pick,498,Xayah,bot
768,play_in_groups,Blue,RYL,True,pick,497,Rakan,supp
769,play_in_groups,Red,FLA,False,ban,80,Pantheon,
770,play_in_groups,Red,FLA,False,ban,246,Qiyana,
771,play_in_groups,Red,FLA,False,ban,134,Syndra,
772,play_in_groups,Red,FLA,False,ban,127,Lissandra,
773,play_in_groups,Red,FLA,False,ban,58,Renekton,
774,play_in_groups,Red,FLA,False,pick,164,Camille,top
775,play_in_groups,Red,FLA,False,pick,56,Nocturne,jungle
776,play_in_groups,Red,FLA,False,pick,7,LeBlanc,mid
777,play_in_groups,Red,FLA,False,pick,22,Ashe,bot
778,play_in_groups,Red,FLA,False,pick,412,Thresh,supp
779,play_in_groups,Blue,RYL,False,ban,79,Gragas,
780,play_in_groups,Blue,RYL,False,ban,12,Alistar,
781,play_in_groups,Blue,RYL,False,ban,350,Yuumi,
782,play_in_groups,Blue,RYL,False,ban,85,Kennen,
783,play_in_groups,Blue,RYL,False,ban,133,Quinn,
784,play_in_groups,Blue,RYL,False,pick,58,Renekton,top
785,play_in_groups,Blue,RYL,False,pick,246,Qiyana,jungle
786,play_in_groups,Blue,RYL,False,pick,517,Sylas,mid
787,play_in_groups,Blue,RYL,False,pick,498,Xayah,bot
788,play_in_groups,Blue,RYL,False,pick,497,Rakan,supp
789,play_in_groups,Red,DWG,True,ban,80,Pantheon,
790,play_in_groups,Red,DWG,True,ban,30,Karthus,
791,play_in_groups,Red,DWG,True,ban,134,Syndra,
792,play_in_groups,Red,DWG,True,ban,60,Elise,
793,play_in_groups,Red,DWG,True,ban,163,Taliyah,
794,play_in_groups,Red,DWG,True,pick,8,Vladimir,top
795,play_in_groups,Red,DWG,True,pick,64,Lee Sin,jungle
796,play_in_groups,Red,DWG,True,pick,7,LeBlanc,mid
797,play_in_groups,Red,DWG,True,pick,145,Kai'Sa,bot
798,play_in_groups,Red,DWG,True,pick,89,Leona,supp
799,play_in_groups,Blue,DWG,True,ban,350,Yuumi,
800,play_in_groups,Blue,DWG,True,ban,119,Draven,
801,play_in_groups,Blue,DWG,True,ban,134,Syndra,
802,play_in_groups,Blue,DWG,True,ban,498,Xayah,
803,play_in_groups,Blue,DWG,True,ban,39,Irelia,
804,play_in_groups,Blue,DWG,True,pick,13,Ryze,top
805,play_in_groups,Blue,DWG,True,pick,163,Taliyah,jungle
806,play_in_groups,Blue,DWG,True,pick,58,Renekton,mid
807,play_in_groups,Blue,DWG,True,pick,145,Kai'Sa,bot
808,play_in_groups,Blue,DWG,True,pick,555,Pyke,supp
809,play_in_groups,Red,FLA,False,ban,80,Pantheon,
810,play_in_groups,Red,FLA,False,ban,246,Qiyana,
811,play_in_groups,Red,FLA,False,ban,79,Gragas,
812,play_in_groups,Red,FLA,False,ban,111,Nautilus,
813,play_in_groups,Red,FLA,False,ban,12,Alistar,
814,play_in_groups,Red,FLA,False,pick,266,Aatrox,top
815,play_in_groups,Red,FLA,False,pick,421,Rek'Sai,jungle
816,play_in_groups,Red,FLA,False,pick,518,Neeko,mid
817,play_in_groups,Red,FLA,False,pick,51,Caitlyn,bot
818,play_in_groups,Red,FLA,False,pick,412,Thresh,supp
819,groups,Blue,GAM,False,ban,498,Xayah,
820,groups,Blue,GAM,False,ban,56,Nocturne,
821,groups,Blue,GAM,False,ban,2,Olaf,
822,groups,Blue,GAM,False,ban,145,Kai'Sa,
823,groups,Blue,GAM,False,ban,69,Cassiopeia,
824,groups,Blue,GAM,False,pick,84,Akali,top
825,groups,Blue,GAM,False,pick,121,Kha'Zix,jungle
826,groups,Blue,GAM,False,pick,18,Tristana,mid
827,groups,Blue,GAM,False,pick,134,Syndra,bot
828,groups,Blue,GAM,False,pick,555,Pyke,supp
829,groups,Red,SPY,True,ban,80,Pantheon,
830,groups,Red,SPY,True,ban,350,Yuumi,
831,groups,Red,SPY,True,ban,246,Qiyana,
832,groups,Red,SPY,True,ban,64,Lee Sin,
833,groups,Red,SPY,True,ban,421,Rek'Sai,
834,groups,Red,SPY,True,pick,41,Gangplank,top
835,groups,Red,SPY,True,pick,79,Gragas,jungle
836,groups,Red,SPY,True,pick,7,LeBlanc,mid
837,groups,Red,SPY,True,pick,81,Ezreal,bot
838,groups,Red,SPY,True,pick,111,Nautilus,supp
839,groups,Blue,FPX,True,ban,498,Xayah,
840,groups,Blue,FPX,True,ban,84,Akali,
841,groups,Blue,FPX,True,ban,111,Nautilus,
842,groups,Blue,FPX,True,ban,41,Gangplank,
843,groups,Blue,FPX,True,ban,150,Gnar,
844,groups,Blue,FPX,True,pick,58,Renekton,top
845,groups,Blue,FPX,True,pick,60,Elise,jungle
846,groups,Blue,FPX,True,pick,13,Ryze,mid
847,groups,Blue,FPX,True,pick,110,Varus,bot
848,groups,Blue,FPX,True,pick,223,Tahm Kench,supp
849,groups,Red,JT,False,ban,80,Pantheon,
850,groups,Red,JT,False,ban,246,Qiyana,
851,groups,Red,JT,False,ban,10,Kayle,
852,groups,Red,JT,False,ban,236,Lucian,
853,groups,Red,JT,False,ban,81,Ezreal,
854,groups,Red,JT,False,pick,516,Ornn,top
855,groups,Red,JT,False,pick,79,Gragas,jungle
856,groups,Red,JT,False,pick,268,Azir,mid
857,groups,Red,JT,False,pick,145,Kai'Sa,bot
858,groups,Red,JT,False,pick,555,Pyke,supp
859,groups,Blue,FPX,True,ban,134,Syndra,
860,groups,Blue,FPX,True,ban,498,Xayah,
861,groups,Blue,FPX,True,ban,111,Nautilus,
862,groups,Blue,FPX,True,ban,202,Jhin,
863,groups,Blue,FPX,True,ban,81,Ezreal,
864,groups,Blue,FPX,True,pick,58,Renekton,top
865,groups,Blue,FPX,True,pick,64,Lee Sin,jungle
866,groups,Blue,FPX,True,pick,13,Ryze,mid
867,groups,Blue,FPX,True,pick,145,Kai'Sa,bot
868,groups,Blue,FPX,True,pick,89,Leona,supp
869,groups,Red,SPY,False,ban,80,Pantheon,
870,groups,Red,SPY,False,ban,10,Kayle,
871,groups,Red,SPY,False,ban,246,Qiyana,
872,groups,Red,SPY,False,ban,12,Alistar,
873,groups,Red,SPY,False,ban,53,Blitzcrank,
874,groups,Red,SPY,False,pick,41,Gangplank,top
875,groups,Red,SPY,False,pick,79,Gragas,jungle
876,groups,Red,SPY,False,pick,18,Tristana,mid
877,groups,Red,SPY,False,pick,45,Veigar,bot
878,groups,Red,SPY,False,pick,412,Thresh,supp
879,groups,Blue,FPX,True,ban,498,Xayah,
880,groups,Blue,FPX,True,ban,84,Akali,
881,groups,Blue,FPX,True,ban,111,Nautilus,
882,groups,Blue,FPX,True,ban,421,Rek'Sai,
883,groups,Blue,FPX,True,ban,2,Olaf,
884,groups,Blue,FPX,True,pick,13,Ryze,top
885,groups,Blue,FPX,True,pick,79,Gragas,jungle
886,groups,Blue,FPX,True,pick,58,Renekton,mid
887,groups,Blue,FPX,True,pick,67,Vayne,bot
888,groups,Blue,FPX,True,pick,412,Thresh,supp
889,groups,Red,SPY,False,ban,80,Pantheon,
890,groups,Red,SPY,False,ban,10,Kayle,
891,groups,Red,SPY,False,ban,246,Qiyana,
892,groups,Red,SPY,False,ban,236,Lucian,
893,groups,Red,SPY,False,ban,110,Varus,
894,groups,Red,SPY,False,pick,41,Gangplank,top
895,groups,Red,SPY,False,pick,60,Elise,jungle
896,groups,Red,SPY,False,pick,134,Syndra,mid
897,groups,Red,SPY,False,pick,145,Kai'Sa,bot
898,groups,Red,SPY,False,pick,497,Rakan,supp
899,groups,Blue,FPX,True,ban,350,Yuumi,
900,groups,Blue,FPX,True,ban,56,Nocturne,
901,groups,Blue,FPX,True,ban,84,Akali,
902,groups,Blue,FPX,True,ban,7,LeBlanc,
903,groups,Blue,FPX,True,ban,89,Leona,
904,groups,Blue,FPX,True,pick,58,Renekton,top
905,groups,Blue,FPX,True,pick,246,Qiyana,jungle
906,groups,Blue,FPX,True,pick,10,Kayle,mid
907,groups,Blue,FPX,True,pick,67,Vayne,bot
908,groups,Blue,FPX,True,pick,111,Nautilus,supp
909,groups,Red,GAM,False,ban,80,Pantheon,
910,groups,Red,GAM,False,ban,498,Xayah,
911,groups,Red,GAM,False,ban,13,Ryze,
912,groups,Red,GAM,False,ban,236,Lucian,
913,groups,Red,GAM,False,ban,81,Ezreal,
914,groups,Red,GAM,False,pick,85,Kennen,top
915,groups,Red,GAM,False,pick,64,Lee Sin,jungle
916,groups,Red,GAM,False,pick,126,Jayce,mid
917,groups,Red,GAM,False,pick,145,Kai'Sa,bot
918,groups,Red,GAM,False,pick,3,Galio,supp
919,groups,Blue,JT,False,ban,41,Gangplank,
920,groups,Blue,JT,False,ban,246,Qiyana,
921,groups,Blue,JT,False,ban,111,Nautilus,
922,groups,Blue,JT,False,ban,18,Tristana,
923,groups,Blue,JT,False,ban,84,Akali,
924,groups,Blue,JT,False,pick,240,Kled,top
925,groups,Blue,JT,False,pick,59,Jarvan IV,jungle
926,groups,Blue,JT,False,pick,10,Kayle,mid
927,groups,Blue,JT,False,pick,498,Xayah,bot
928,groups,Blue,JT,False,pick,12,Alistar,supp
929,groups,Red,SPY,True,ban,80,Pantheon,
930,groups,Red,SPY,True,ban,134,Syndra,
931,groups,Red,SPY,True,ban,497,Rakan,
932,groups,Red,SPY,True,ban,53,Blitzcrank,
933,groups,Red,SPY,True,ban,25,Morgana,
934,groups,Red,SPY,True,pick,150,Gnar,top
935,groups,Red,SPY,True,pick,79,Gragas,jungle
936,groups,Red,SPY,True,pick,69,Cassiopeia,mid
937,groups,Red,SPY,True,pick,145,Kai'Sa,bot
938,groups,Red,SPY,True,pick,412,Thresh,supp
939,groups,Blue,JT,True,ban,246,Qiyana,
940,groups,Blue,JT,True,ban,236,Lucian,
941,groups,Blue,JT,True,ban,10,Kayle,
942,groups,Blue,JT,True,ban,41,Gangplank,
943,groups,Blue,JT,True,ban,13,Ryze,
944,groups,Blue,JT,True,pick,150,Gnar,top
945,groups,Blue,JT,True,pick,59,Jarvan IV,jungle
946,groups,Blue,JT,True,pick,84,Akali,mid
947,groups,Blue,JT,True,pick,498,Xayah,bot
948,groups,Blue,JT,True,pick,111,Nautilus,supp
949,groups,Red,FPX,False,ban,80,Pantheon,
950,groups,Red,FPX,False,ban,134,Syndra,
951,groups,Red,FPX,False,ban,58,Renekton,
952,groups,Red,FPX,False,ban,18,Tristana,
953,groups,Red,FPX,False,ban,266,Aatrox,
954,groups,Red,FPX,False,pick,82,Mordekaiser,top
955,groups,Red,FPX,False,pick,60,Elise,jungle
956,groups,Red,FPX,False,pick,14,Sion,mid
957,groups,Red,FPX,False,pick,145,Kai'Sa,bot
958,groups,Red,FPX,False,pick,3,Galio,supp
959,groups,Blue,JT,False,ban,350,Yuumi,
960,groups,Blue,JT,False,ban,74,Heimerdinger,
961,groups,Blue,JT,False,ban,246,Qiyana,
962,groups,Blue,JT,False,ban,64,Lee Sin,
963,groups,Blue,JT,False,ban,39,Irelia,
964,groups,Blue,JT,False,pick,41,Gangplank,top
965,groups,Blue,JT,False,pick,60,Elise,jungle
966,groups,Blue,JT,False,pick,236,Lucian,mid
967,groups,Blue,JT,False,pick,134,Syndra,bot
968,groups,Blue,JT,False,pick,412,Thresh,supp
969,groups,Red,GAM,True,ban,80,Pantheon,
970,groups,Red,GAM,True,ban,498,Xayah,
971,groups,Red,GAM,True,ban,7,LeBlanc,
972,groups,Red,GAM,True,ban,126,Jayce,
973,groups,Red,GAM,True,ban,79,Gragas,
974,groups,Red,GAM,True,pick,84,Akali,top
975,groups,Red,GAM,True,pick,56,Nocturne,jungle
976,groups,Red,GAM,True,pick,240,Kled,mid
977,groups,Red,GAM,True,pick,145,Kai'Sa,bot
978,groups,Red,GAM,True,pick,111,Nautilus,supp
979,groups,Blue,SPY,False,ban,84,Akali,
980,groups,Blue,SPY,False,ban,10,Kayle,
981,groups,Blue,SPY,False,ban,8,Vladimir,
982,groups,Blue,SPY,False,ban,157,Yasuo,
983,groups,Blue,SPY,False,ban,60,Elise,
984,groups,Blue,SPY,False,pick,14,Sion,top
985,groups,Blue,SPY,False,pick,30,Karthus,jungle
986,groups,Blue,SPY,False,pick,134,Syndra,mid
987,groups,Blue,SPY,False,pick,18,Tristana,bot
988,groups,Blue,SPY,False,pick,89,Leona,supp
989,groups,Red,JT,True,ban,246,Qiyana,
990,groups,Red,JT,True,ban,80,Pantheon,
991,groups,Red,JT,True,ban,498,Xayah,
992,groups,Red,JT,True,ban,2,Olaf,
993,groups,Red,JT,True,ban,59,Jarvan IV,
994,groups,Red,JT,True,pick,41,Gangplank,top
995,groups,Red,JT,True,pick,79,Gragas,jungle
996,groups,Red,JT,True,pick,7,LeBlanc,mid
997,groups,Red,JT,True,pick,145,Kai'Sa,bot
998,groups,Red,JT,True,pick,111,Nautilus,supp
999,groups,Blue,SPY,True,ban,350,Yuumi,
1000,groups,Blue,SPY,True,ban,84,Akali,
1001,groups,Blue,SPY,True,ban,134,Syndra,
1002,groups,Blue,SPY,True,ban,18,Tristana,
1003,groups,Blue,SPY,True,ban,58,Renekton,
1004,groups,Blue,SPY,True,pick,41,Gangplank,top
1005,groups,Blue,SPY,True,pick,246,Qiyana,jungle
1006,groups,Blue,SPY,True,pick,13,Ryze,mid
1007,groups,Blue,SPY,True,pick,222,Jinx,bot
1008,groups,Blue,SPY,True,pick,412,Thresh,supp
1009,groups,Red,GAM,False,ban,498,Xayah,
1010,groups,Red,GAM,False,ban,80,Pantheon,
1011,groups,Red,GAM,False,ban,7,LeBlanc,
1012,groups,Red,GAM,False,ban,202,Jhin,
1013,groups,Red,GAM,False,ban,45,Veigar,
1014,groups,Red,GAM,False,pick,114,Fiora,top
1015,groups,Red,GAM,False,pick,64,Lee Sin,jungle
1016,groups,Red,GAM,False,pick,126,Jayce,mid
1017,groups,Red,GAM,False,pick,145,Kai'Sa,bot
1018,groups,Red,GAM,False,pick,111,Nautilus,supp
1019,groups,Blue,SPY,True,ban,58,Renekton,
1020,groups,Blue,SPY,True,ban,13,Ryze,
1021,groups,Blue,SPY,True,ban,10,Kayle,
1022,groups,Blue,SPY,True,ban,68,Rumble,
1023,groups,Blue,SPY,True,ban,7,LeBlanc,
1024,groups,Blue,SPY,True,pick,31,Cho'Gath,top
1025,groups,Blue,SPY,True,pick,421,Rek'Sai,jungle
1026,groups,Blue,SPY,True,pick,84,Akali,mid
1027,groups,Blue,SPY,True,pick,498,Xayah,bot
1028,groups,Blue,SPY,True,pick,497,Rakan,supp
1029,groups,Red,FPX,False,ban,80,Pantheon,
1030,groups,Red,FPX,False,ban,79,Gragas,
1031,groups,Red,FPX,False,ban,246,Qiyana,
1032,groups,Red,FPX,False,ban,56,Nocturne,
1033,groups,Red,FPX,False,ban,2,Olaf,
1034,groups,Red,FPX,False,pick,41,Gangplank,top
1035,groups,Red,FPX,False,pick,64,Lee Sin,jungle
1036,groups,Red,FPX,False,pick,3,Galio,mid
1037,groups,Red,FPX,False,pick,145,Kai'Sa,bot
1038,groups,Red,FPX,False,pick,111,Nautilus,supp
1039,groups,Blue,GAM,False,ban,498,Xayah,
1040,groups,Blue,GAM,False,ban,7,LeBlanc,
1041,groups,Blue,GAM,False,ban,111,Nautilus,
1042,groups,Blue,GAM,False,ban,134,Syndra,
1043,groups,Blue,GAM,False,ban,126,Jayce,
1044,groups,Blue,GAM,False,pick,84,Akali,top
1045,groups,Blue,GAM,False,pick,64,Lee Sin,jungle
1046,groups,Blue,GAM,False,pick,13,Ryze,mid
1047,groups,Blue,GAM,False,pick,18,Tristana,bot
1048,groups,Blue,GAM,False,pick,106,Volibear,supp
1049,groups,Red,JT,True,ban,80,Pantheon,
1050,groups,Red,JT,True,ban,246,Qiyana,
1051,groups,Red,JT,True,ban,350,Yuumi,
1052,groups,Red,JT,True,ban,74,Heimerdinger,
1053,groups,Red,JT,True,ban,45,Veigar,
1054,groups,Red,JT,True,pick,58,Renekton,top
1055,groups,Red,JT,True,pick,79,Gragas,jungle
1056,groups,Red,JT,True,pick,268,Azir,mid
1057,groups,Red,JT,True,pick,145,Kai'Sa,bot
1058,groups,Red,JT,True,pick,12,Alistar,supp
1059,groups,Blue,GAM,False,ban,498,Xayah,
1060,groups,Blue,GAM,False,ban,13,Ryze,
1061,groups,Blue,GAM,False,ban,10,Kayle,
1062,groups,Blue,GAM,False,ban,134,Syndra,
1063,groups,Blue,GAM,False,ban,7,LeBlanc,
1064,groups,Blue,GAM,False,pick,58,Renekton,top
1065,groups,Blue,GAM,False,pick,56,Nocturne,jungle
1066,groups,Blue,GAM,False,pick,240,Kled,mid
1067,groups,Blue,GAM,False,pick,74,Heimerdinger,bot
1068,groups,Blue,GAM,False,pick,98,Shen,supp
1069,groups,Red,FPX,True,ban,80,Pantheon,
1070,groups,Red,FPX,True,ban,84,Akali,
1071,groups,Red,FPX,True,ban,350,Yuumi,
1072,groups,Red,FPX,True,ban,60,Elise,
1073,groups,Red,FPX,True,ban,30,Karthus,
1074,groups,Red,FPX,True,pick,41,Gangplank,top
1075,groups,Red,FPX,True,pick,79,Gragas,jungle
1076,groups,Red,FPX,True,pick,54,Malphite,mid
1077,groups,Red,FPX,True,pick,145,Kai'Sa,bot
1078,groups,Red,FPX,True,pick,111,Nautilus,supp
1079,groups,Blue,G2,False,ban,58,Renekton,
1080,groups,Blue,G2,False,ban,350,Yuumi,
1081,groups,Blue,G2,False,ban,3,Galio,
1082,groups,Blue,G2,False,ban,111,Nautilus,
1083,groups,Blue,G2,False,ban,106,Volibear,
1084,groups,Blue,G2,False,pick,10,Kayle,top
1085,groups,Blue,G2,False,pick,64,Lee Sin,jungle
1086,groups,Blue,G2,False,pick,13,Ryze,mid
1087,groups,Blue,G2,False,pick,157,Yasuo,bot
1088,groups,Blue,G2,False,pick,79,Gragas,supp
1089,groups,Red,GRF,True,ban,80,Pantheon,
1090,groups,Red,GRF,True,ban,60,Elise,
1091,groups,Red,GRF,True,ban,497,Rakan,
1092,groups,Red,GRF,True,ban,134,Syndra,
1093,groups,Red,GRF,True,ban,89,Leona,
1094,groups,Red,GRF,True,pick,126,Jayce,top
1095,groups,Red,GRF,True,pick,246,Qiyana,jungle
1096,groups,Red,GRF,True,pick,84,Akali,mid
1097,groups,Red,GRF,True,pick,145,Kai'Sa,bot
1098,groups,Red,GRF,True,pick,98,Shen,supp
1099,groups,Blue,C9,False,ban,126,Jayce,
1100,groups,Blue,C9,False,ban,81,Ezreal,
1101,groups,Blue,C9,False,ban,157,Yasuo,
1102,groups,Blue,C9,False,ban,85,Kennen,
1103,groups,Blue,C9,False,ban,84,Akali,
1104,groups,Blue,C9,False,pick,114,Fiora,top
1105,groups,Blue,C9,False,pick,60,Elise,jungle
1106,groups,Blue,C9,False,pick,142,Zoe,mid
1107,groups,Blue,C9,False,pick,37,Sona,bot
1108,groups,Blue,C9,False,pick,223,Tahm Kench,supp
1109,groups,Red,GRF,True,ban,80,Pantheon,
1110,groups,Red,GRF,True,ban,10,Kayle,
1111,groups,Red,GRF,True,ban,58,Renekton,
1112,groups,Red,GRF,True,ban,4,Twisted Fate,
1113,groups,Red,GRF,True,ban,18,Tristana,
1114,groups,Red,GRF,True,pick,41,Gangplank,top
1115,groups,Red,GRF,True,pick,64,Lee Sin,jungle
1116,groups,Red,GRF,True,pick,7,LeBlanc,mid
1117,groups,Red,GRF,True,pick,86,Garen,bot
1118,groups,Red,GRF,True,pick,350,Yuumi,supp
1119,groups,Blue,C9,True,ban,133,Quinn,
1120,groups,Blue,C9,True,ban,4,Twisted Fate,
1121,groups,Blue,C9,True,ban,421,Rek'Sai,
1122,groups,Blue,C9,True,ban,45,Veigar,
1123,groups,Blue,C9,True,ban,145,Kai'Sa,
1124,groups,Blue,C9,True,pick,58,Renekton,top
1125,groups,Blue,C9,True,pick,60,Elise,jungle
1126,groups,Blue,C9,True,pick,39,Irelia,mid
1127,groups,Blue,C9,True,pick,74,Heimerdinger,bot
1128,groups,Blue,C9,True,pick,111,Nautilus,supp
1129,groups,Red,HKA,False,ban,80,Pantheon,
1130,groups,Red,HKA,False,ban,134,Syndra,
1131,groups,Red,HKA,False,ban,498,Xayah,
1132,groups,Red,HKA,False,ban,246,Qiyana,
1133,groups,Red,HKA,False,ban,555,Pyke,
1134,groups,Red,HKA,False,pick,84,Akali,top
1135,groups,Red,HKA,False,pick,79,Gragas,jungle
1136,groups,Red,HKA,False,pick,18,Tristana,mid
1137,groups,Red,HKA,False,pick,86,Garen,bot
1138,groups,Red,HKA,False,pick,350,Yuumi,supp
1139,groups,Blue,G2,True,ban,58,Renekton,
1140,groups,Blue,G2,True,ban,18,Tristana,
1141,groups,Blue,G2,True,ban,79,Gragas,
1142,groups,Blue,G2,True,ban,86,Garen,
1143,groups,Blue,G2,True,ban,4,Twisted Fate,
1144,groups,Blue,G2,True,pick,10,Kayle,top
1145,groups,Blue,G2,True,pick,2,Olaf,jungle
1146,groups,Blue,G2,True,pick,13,Ryze,mid
1147,groups,Blue,G2,True,pick,498,Xayah,bot
1148,groups,Blue,G2,True,pick,497,Rakan,supp
1149,groups,Red,HKA,False,ban,60,Elise,
1150,groups,Red,HKA,False,ban,157,Yasuo,
1151,groups,Red,HKA,False,ban,80,Pantheon,
1152,groups,Red,HKA,False,ban,246,Qiyana,
1153,groups,Red,HKA,False,ban,421,Rek'Sai,
1154,groups,Red,HKA,False,pick,266,Aatrox,top
1155,groups,Red,HKA,False,pick,64,Lee Sin,jungle
1156,groups,Red,HKA,False,pick,134,Syndra,mid
1157,groups,Red,HKA,False,pick,81,Ezreal,bot
1158,groups,Red,HKA,False,pick,350,Yuumi,supp
1159,groups,Blue,HKA,False,ban,58,Renekton,
1160,groups,Blue,HKA,False,ban,18,Tristana,
1161,groups,Blue,HKA,False,ban,84,Akali,
1162,groups,Blue,HKA,False,ban,246,Qiyana,
1163,groups,Blue,HKA,False,ban,39,Irelia,
1164,groups,Blue,HKA,False,pick,31,Cho'Gath,top
1165,groups,Blue,HKA,False,pick,64,Lee Sin,jungle
1166,groups,Blue,HKA,False,pick,13,Ryze,mid
1167,groups,Blue,HKA,False,pick,222,Jinx,bot
1168,groups,Blue,HKA,False,pick,412,Thresh,supp
1169,groups,Red,C9,True,ban,80,Pantheon,
1170,groups,Red,C9,True,ban,350,Yuumi,
1171,groups,Red,C9,True,ban,497,Rakan,
1172,groups,Red,C9,True,ban,41,Gangplank,
1173,groups,Red,C9,True,ban,85,Kennen,
1174,groups,Red,C9,True,pick,24,Jax,top
1175,groups,Red,C9,True,pick,245,Ekko,jungle
1176,groups,Red,C9,True,pick,157,Yasuo,mid
1177,groups,Red,C9,True,pick,145,Kai'Sa,bot
1178,groups,Red,C9,True,pick,111,Nautilus,supp
1179,groups,Blue,G2,False,ban,58,Renekton,
1180,groups,Blue,G2,False,ban,350,Yuumi,
1181,groups,Blue,G2,False,ban,84,Akali,
1182,groups,Blue,G2,False,ban,41,Gangplank,
1183,groups,Blue,G2,False,ban,13,Ryze,
1184,groups,Blue,G2,False,pick,126,Jayce,top
1185,groups,Blue,G2,False,pick,246,Qiyana,jungle
1186,groups,Blue,G2,False,pick,69,Cassiopeia,mid
1187,groups,Blue,G2,False,pick,142,Zoe,bot
1188,groups,Blue,G2,False,pick,98,Shen,supp
1189,groups,Red,GRF,True,ban,80,Pantheon,
1190,groups,Red,GRF,True,ban,60,Elise,
1191,groups,Red,GRF,True,ban,157,Yasuo,
1192,groups,Red,GRF,True,ban,4,Twisted Fate,
1193,groups,Red,GRF,True,ban,134,Syndra,
1194,groups,Red,GRF,True,pick,516,Ornn,top
1195,groups,Red,GRF,True,pick,64,Lee Sin,jungle
1196,groups,Red,GRF,True,pick,3,Galio,mid
1197,groups,Red,GRF,True,pick,498,Xayah,bot
1198,groups,Red,GRF,True,pick,497,Rakan,supp
1199,groups,Blue,GRF,False,ban,497,Rakan,
1200,groups,Blue,GRF,False,ban,134,Syndra,
1201,groups,Blue,GRF,False,ban,133,Quinn,
1202,groups,Blue,GRF,False,ban,4,Twisted Fate,
1203,groups,Blue,GRF,False,ban,41,Gangplank,
1204,groups,Blue,GRF,False,pick,58,Renekton,top
1205,groups,Blue,GRF,False,pick,163,Taliyah,jungle
1206,groups,Blue,GRF,False,pick,39,Irelia,mid
1207,groups,Blue,GRF,False,pick,236,Lucian,bot
1208,groups,Blue,GRF,False,pick,111,Nautilus,supp
1209,groups,Red,G2,True,ban,80,Pantheon,
1210,groups,Red,G2,True,ban,246,Qiyana,
1211,groups,Red,G2,True,ban,10,Kayle,
1212,groups,Red,G2,True,ban,498,Xayah,
1213,groups,Red,G2,True,ban,81,Ezreal,
1214,groups,Red,G2,True,pick,516,Ornn,top
1215,groups,Red,G2,True,pick,60,Elise,jungle
1216,groups,Red,G2,True,pick,61,Orianna,mid
1217,groups,Red,G2,True,pick,145,Kai'Sa,bot
1218,groups,Red,G2,True,pick,89,Leona,supp
1219,groups,Blue,GRF,True,ban,133,Quinn,
1220,groups,Blue,GRF,True,ban,497,Rakan,
1221,groups,Blue,GRF,True,ban,18,Tristana,
1222,groups,Blue,GRF,True,ban,412,Thresh,
1223,groups,Blue,GRF,True,ban,7,LeBlanc,
1224,groups,Blue,GRF,True,pick,126,Jayce,top
1225,groups,Blue,GRF,True,pick,64,Lee Sin,jungle
1226,groups,Blue,GRF,True,pick,81,Ezreal,mid
1227,groups,Blue,GRF,True,pick,39,Irelia,bot
1228,groups,Blue,GRF,True,pick,111,Nautilus,supp
1229,groups,Red,HKA,False,ban,58,Renekton,
1230,groups,Red,HKA,False,ban,246,Qiyana,
1231,groups,Red,HKA,False,ban,80,Pantheon,
1232,groups,Red,HKA,False,ban,145,Kai'Sa,
1233,groups,Red,HKA,False,ban,236,Lucian,
1234,groups,Red,HKA,False,pick,14,Sion,top
1235,groups,Red,HKA,False,pick,421,Rek'Sai,jungle
1236,groups,Red,HKA,False,pick,84,Akali,mid
1237,groups,Red,HKA,False,pick,134,Syndra,bot
1238,groups,Red,HKA,False,pick,89,Leona,supp
1239,groups,Blue,GRF,True,ban,45,Veigar,
1240,groups,Blue,GRF,True,ban,134,Syndra,
1241,groups,Blue,GRF,True,ban,58,Renekton,
1242,groups,Blue,GRF,True,ban,18,Tristana,
1243,groups,Blue,GRF,True,ban,114,Fiora,
1244,groups,Blue,GRF,True,pick,84,Akali,top
1245,groups,Blue,GRF,True,pick,60,Elise,jungle
1246,groups,Blue,GRF,True,pick,164,Camille,mid
1247,groups,Blue,GRF,True,pick,498,Xayah,bot
1248,groups,Blue,GRF,True,pick,497,Rakan,supp
1249,groups,Red,C9,False,ban,80,Pantheon,
1250,groups,Red,C9,False,ban,350,Yuumi,
1251,groups,Red,C9,False,ban,126,Jayce,
1252,groups,Red,C9,False,ban,41,Gangplank,
1253,groups,Red,C9,False,ban,39,Irelia,
1254,groups,Red,C9,False,pick,98,Shen,top
1255,groups,Red,C9,False,pick,56,Nocturne,jungle
1256,groups,Red,C9,False,pick,10,Kayle,mid
1257,groups,Red,C9,False,pick,145,Kai'Sa,bot
1258,groups,Red,C9,False,pick,3,Galio,supp
1259,groups,Blue,G2,True,ban,58,Renekton,
1260,groups,Blue,G2,True,ban,350,Yuumi,
1261,groups,Blue,G2,True,ban,74,Heimerdinger,
1262,groups,Blue,G2,True,ban,45,Veigar,
1263,groups,Blue,G2,True,ban,240,Kled,
1264,groups,Blue,G2,True,pick,8,Vladimir,top
1265,groups,Blue,G2,True,pick,246,Qiyana,jungle
1266,groups,Blue,G2,True,pick,142,Zoe,mid
1267,groups,Blue,G2,True,pick,498,Xayah,bot
1268,groups,Blue,G2,True,pick,497,Rakan,supp
1269,groups,Red,C9,False,ban,80,Pantheon,
1270,groups,Red,C9,False,ban,157,Yasuo,
1271,groups,Red,C9,False,ban,134,Syndra,
1272,groups,Red,C9,False,ban,84,Akali,
1273,groups,Red,C9,False,ban,3,Galio,
1274,groups,Red,C9,False,pick,266,Aatrox,top
1275,groups,Red,C9,False,pick,60,Elise,jungle
1276,groups,Red,C9,False,pick,18,Tristana,mid
1277,groups,Red,C9,False,pick,69,Cassiopeia,bot
1278,groups,Red,C9,False,pick,111,Nautilus,supp
1279,groups,Blue,HKA,False,ban,60,Elise,
1280,groups,Blue,HKA,False,ban,18,Tristana,
1281,groups,Blue,HKA,False,ban,84,Akali,
1282,groups,Blue,HKA,False,ban,7,LeBlanc,
1283,groups,Blue,HKA,False,ban,39,Irelia,
1284,groups,Blue,HKA,False,pick,41,Gangplank,top
1285,groups,Blue,HKA,False,pick,79,Gragas,jungle
1286,groups,Blue,HKA,False,pick,61,Orianna,mid
1287,groups,Blue,HKA,False,pick,498,Xayah,bot
1288,groups,Blue,HKA,False,pick,412,Thresh,supp
1289,groups,Red,G2,True,ban,80,Pantheon,
1290,groups,Red,G2,True,ban,246,Qiyana,
1291,groups,Red,G2,True,ban,10,Kayle,
1292,groups,Red,G2,True,ban,4,Twisted Fate,
1293,groups,Red,G2,True,ban,58,Renekton,
1294,groups,Red,G2,True,pick,8,Vladimir,top
1295,groups,Red,G2,True,pick,64,Lee Sin,jungle
1296,groups,Red,G2,True,pick,134,Syndra,mid
1297,groups,Red,G2,True,pick,157,Yasuo,bot
1298,groups,Red,G2,True,pick,497,Rakan,supp
1299,groups,Blue,C9,False,ban,157,Yasuo,
1300,groups,Blue,C9,False,ban,497,Rakan,
1301,groups,Blue,C9,False,ban,350,Yuumi,
1302,groups,Blue,C9,False,ban,39,Irelia,
1303,groups,Blue,C9,False,ban,58,Renekton,
1304,groups,Blue,C9,False,pick,10,Kayle,top
1305,groups,Blue,C9,False,pick,64,Lee Sin,jungle
1306,groups,Blue,C9,False,pick,69,Cassiopeia,mid
1307,groups,Blue,C9,False,pick,51,Caitlyn,bot
1308,groups,Blue,C9,False,pick,412,Thresh,supp
1309,groups,Red,G2,True,ban,80,Pantheon,
1310,groups,Red,G2,True,ban,246,Qiyana,
1311,groups,Red,G2,True,ban,74,Heimerdinger,
1312,groups,Red,G2,True,ban,15,Sivir,
1313,groups,Red,G2,True,ban,45,Veigar,
1314,groups,Red,G2,True,pick,13,Ryze,top
1315,groups,Red,G2,True,pick,421,Rek'Sai,jungle
1316,groups,Red,G2,True,pick,134,Syndra,mid
1317,groups,Red,G2,True,pick,145,Kai'Sa,bot
1318,groups,Red,G2,True,pick,53,Blitzcrank,supp
1319,groups,Blue,HKA,False,ban,157,Yasuo,
1320,groups,Blue,HKA,False,ban,39,Irelia,
1321,groups,Blue,HKA,False,ban,84,Akali,
1322,groups,Blue,HKA,False,ban,246,Qiyana,
1323,groups,Blue,HKA,False,ban,81,Ezreal,
1324,groups,Blue,HKA,False,pick,41,Gangplank,top
1325,groups,Blue,HKA,False,pick,64,Lee Sin,jungle
1326,groups,Blue,HKA,False,pick,134,Syndra,mid
1327,groups,Blue,HKA,False,pick,498,Xayah,bot
1328,groups,Blue,HKA,False,pick,497,Rakan,supp
1329,groups,Red,GRF,True,ban,80,Pantheon,
1330,groups,Red,GRF,True,ban,58,Renekton,
1331,groups,Red,GRF,True,ban,18,Tristana,
1332,groups,Red,GRF,True,ban,7,LeBlanc,
1333,groups,Red,GRF,True,ban,10,Kayle,
1334,groups,Red,GRF,True,pick,126,Jayce,top
1335,groups,Red,GRF,True,pick,60,Elise,jungle
1336,groups,Red,GRF,True,pick,164,Camille,mid
1337,groups,Red,GRF,True,pick,86,Garen,bot
1338,groups,Red,GRF,True,pick,350,Yuumi,supp
1339,play_in_groups,Blue,CG,False,ban,134,Syndra,
1340,play_in_groups,Blue,CG,False,ban,350,Yuumi,
1341,play_in_groups,Blue,CG,False,ban,246,Qiyana,
1342,play_in_groups,Blue,CG,False,ban,51,Caitlyn,
1343,play_in_groups,Blue,CG,False,ban,119,Draven,
1344,play_in_groups,Blue,CG,False,pick,84,Akali,top
1345,play_in_groups,Blue,CG,False,pick,245,Ekko,jungle
1346,play_in_groups,Blue,CG,False,pick,58,Renekton,mid
1347,play_in_groups,Blue,CG,False,pick,498,Xayah,bot
1348,play_in_groups,Blue,CG,False,pick,497,Rakan,supp
1349,play_in_groups,Red,UOL,True,ban,80,Pantheon,
1350,play_in_groups,Red,UOL,True,ban,68,Rumble,
1351,play_in_groups,Red,UOL,True,ban,41,Gangplank,
1352,play_in_groups,Red,UOL,True,ban,72,Skarner,
1353,play_in_groups,Red,UOL,True,ban,60,Elise,
1354,play_in_groups,Red,UOL,True,pick,518,Neeko,top
1355,play_in_groups,Red,UOL,True,pick,421,Rek'Sai,jungle
1356,play_in_groups,Red,UOL,True,pick,18,Tristana,mid
1357,play_in_groups,Red,UOL,True,pick,74,Heimerdinger,bot
1358,play_in_groups,Red,UOL,True,pick,25,Morgana,supp
1359,play_in_groups,Blue,MMM,False,ban,246,Qiyana,
1360,play_in_groups,Blue,MMM,False,ban,68,Rumble,
1361,play_in_groups,Blue,MMM,False,ban,498,Xayah,
1362,play_in_groups,Blue,MMM,False,ban,39,Irelia,
1363,play_in_groups,Blue,MMM,False,ban,58,Renekton,
1364,play_in_groups,Blue,MMM,False,pick,43,Karma,top
1365,play_in_groups,Blue,MMM,False,pick,56,Nocturne,jungle
1366,play_in_groups,Blue,MMM,False,pick,268,Azir,mid
1367,play_in_groups,Blue,MMM,False,pick,145,Kai'Sa,bot
1368,play_in_groups,Blue,MMM,False,pick,111,Nautilus,supp
1369,play_in_groups,Red,CG,True,ban,8,Vladimir,
1370,play_in_groups,Red,CG,True,ban,80,Pantheon,
1371,play_in_groups,Red,CG,True,ban,134,Syndra,
1372,play_in_groups,Red,CG,True,ban,72,Skarner,
1373,play_in_groups,Red,CG,True,ban,59,Jarvan IV,
1374,play_in_groups,Red,CG,True,pick,18,Tristana,top
1375,play_in_groups,Red,CG,True,pick,60,Elise,jungle
1376,play_in_groups,Red,CG,True,pick,61,Orianna,mid
1377,play_in_groups,Red,CG,True,pick,15,Sivir,bot
1378,play_in_groups,Red,CG,True,pick,497,Rakan,supp
1379,play_in_groups,Blue,MMM,True,ban,246,Qiyana,
1380,play_in_groups,Blue,MMM,True,ban,10,Kayle,
1381,play_in_groups,Blue,MMM,True,ban,25,Morgana,
1382,play_in_groups,Blue,MMM,True,ban,412,Thresh,
1383,play_in_groups,Blue,MMM,True,ban,555,Pyke,
1384,play_in_groups,Blue,MMM,True,pick,41,Gangplank,top
1385,play_in_groups,Blue,MMM,True,pick,72,Skarner,jungle
1386,play_in_groups,Blue,MMM,True,pick,134,Syndra,mid
1387,play_in_groups,Blue,MMM,True,pick,18,Tristana,bot
1388,play_in_groups,Blue,MMM,True,pick,111,Nautilus,supp
1389,play_in_groups,Red,UOL,False,ban,80,Pantheon,
1390,play_in_groups,Red,UOL,False,ban,8,Vladimir,
1391,play_in_groups,Red,UOL,False,ban,497,Rakan,
1392,play_in_groups,Red,UOL,False,ban,498,Xayah,
1393,play_in_groups,Red,UOL,False,ban,236,Lucian,
1394,play_in_groups,Red,UOL,False,pick,58,Renekton,top
1395,play_in_groups,Red,UOL,False,pick,245,Ekko,jungle
1396,play_in_groups,Red,UOL,False,pick,42,Corki,mid
1397,play_in_groups,Red,UOL,False,pick,145,Kai'Sa,bot
1398,play_in_groups,Red,UOL,False,pick,12,Alistar,supp
1399,play_in_groups,Blue,MMM,False,ban,246,Qiyana,
1400,play_in_groups,Blue,MMM,False,ban,10,Kayle,
1401,play_in_groups,Blue,MMM,False,ban,498,Xayah,
1402,play_in_groups,Blue,MMM,False,ban,24,Jax,
1403,play_in_groups,Blue,MMM,False,ban,421,Rek'Sai,
1404,play_in_groups,Blue,MMM,False,pick,164,Camille,top
1405,play_in_groups,Blue,MMM,False,pick,113,Sejuani,jungle
1406,play_in_groups,Blue,MMM,False,pick,134,Syndra,mid
1407,play_in_groups,Blue,MMM,False,pick,236,Lucian,bot
1408,play_in_groups,Blue,MMM,False,pick,111,Nautilus,supp
1409,play_in_groups,Red,UOL,True,ban,80,Pantheon,
1410,play_in_groups,Red,UOL,True,ban,41,Gangplank,
1411,play_in_groups,Red,UOL,True,ban,72,Skarner,
1412,play_in_groups,Red,UOL,True,ban,150,Gnar,
1413,play_in_groups,Red,UOL,True,ban,2,Olaf,
1414,play_in_groups,Red,UOL,True,pick,58,Renekton,top
1415,play_in_groups,Red,UOL,True,pick,56,Nocturne,jungle
1416,play_in_groups,Red,UOL,True,pick,8,Vladimir,mid
1417,play_in_groups,Red,UOL,True,pick,145,Kai'Sa,bot
1418,play_in_groups,Red,UOL,True,pick,412,Thresh,supp
1419,play_in_groups,Blue,CG,True,ban,74,Heimerdinger,
1420,play_in_groups,Blue,CG,True,ban,497,Rakan,
1421,play_in_groups,Blue,CG,True,ban,246,Qiyana,
1422,play_in_groups,Blue,CG,True,ban,56,Nocturne,
1423,play_in_groups,Blue,CG,True,ban,98,Shen,
1424,play_in_groups,Blue,CG,True,pick,39,Irelia,top
1425,play_in_groups,Blue,CG,True,pick,60,Elise,jungle
1426,play_in_groups,Blue,CG,True,pick,134,Syndra,mid
1427,play_in_groups,Blue,CG,True,pick,22,Ashe,bot
1428,play_in_groups,Blue,CG,True,pick,412,Thresh,supp
1429,play_in_groups,Red,UOL,False,ban,80,Pantheon,
1430,play_in_groups,Red,UOL,False,ban,41,Gangplank,
1431,play_in_groups,Red,UOL,False,ban,68,Rumble,
1432,play_in_groups,Red,UOL,False,ban,72,Skarner,
1433,play_in_groups,Red,UOL,False,ban,2,Olaf,
1434,play_in_groups,Red,UOL,False,pick,82,Mordekaiser,top
1435,play_in_groups,Red,UOL,False,pick,254,Vi,jungle
1436,play_in_groups,Red,UOL,False,pick,8,Vladimir,mid
1437,play_in_groups,Red,UOL,False,pick,145,Kai'Sa,bot
1438,play_in_groups,Red,UOL,False,pick,111,Nautilus,supp
1439,play_in_groups,Blue,UOL,False,ban,8,Vladimir,
1440,play_in_groups,Blue,UOL,False,ban,72,Skarner,
1441,play_in_groups,Blue,UOL,False,ban,41,Gangplank,
1442,play_in_groups,Blue,UOL,False,ban,43,Karma,
1443,play_in_groups,Blue,UOL,False,ban,518,Neeko,
1444,play_in_groups,Blue,UOL,False,pick,58,Renekton,top
1445,play_in_groups,Blue,UOL,False,pick,421,Rek'Sai,jungle
1446,play_in_groups,Blue,UOL,False,pick,7,LeBlanc,mid
1447,play_in_groups,Blue,UOL,False,pick,134,Syndra,bot
1448,play_in_groups,Blue,UOL,False,pick,89,Leona,supp
1449,play_in_groups,Red,MMM,True,ban,80,Pantheon,
1450,play_in_groups,Red,MMM,True,ban,246,Qiyana,
1451,play_in_groups,Red,MMM,True,ban,10,Kayle,
1452,play_in_groups,Red,MMM,True,ban,25,Morgana,
1453,play_in_groups,Red,MMM,True,ban,412,Thresh,
1454,play_in_groups,Red,MMM,True,pick,85,Kennen,top
1455,play_in_groups,Red,MMM,True,pick,59,Jarvan IV,jungle
1456,play_in_groups,Red,MMM,True,pick,61,Orianna,mid
1457,play_in_groups,Red,MMM,True,pick,498,Xayah,bot
1458,play_in_groups,Red,MMM,True,pick,497,Rakan,supp
1459,play_in_groups,Blue,UOL,True,ban,68,Rumble,
1460,play_in_groups,Blue,UOL,True,ban,41,Gangplank,
1461,play_in_groups,Blue,UOL,True,ban,72,Skarner,
1462,play_in_groups,Blue,UOL,True,ban,150,Gnar,
1463,play_in_groups,Blue,UOL,True,ban,61,Orianna,
1464,play_in_groups,Blue,UOL,True,pick,266,Aatrox,top
1465,play_in_groups,Blue,UOL,True,pick,246,Qiyana,jungle
1466,play_in_groups,Blue,UOL,True,pick,10,Kayle,mid
1467,play_in_groups,Blue,UOL,True,pick,74,Heimerdinger,bot
1468,play_in_groups,Blue,UOL,True,pick,9,Fiddlesticks,supp
1469,play_in_groups,Red,CG,False,ban,80,Pantheon,
1470,play_in_groups,Red,CG,False,ban,134,Syndra,
1471,play_in_groups,Red,CG,False,ban,25,Morgana,
1472,play_in_groups,Red,CG,False,ban,39,Irelia,
1473,play_in_groups,Red,CG,False,ban,58,Renekton,
1474,play_in_groups,Red,CG,False,pick,18,Tristana,top
1475,play_in_groups,Red,CG,False,pick,64,Lee Sin,jungle
1476,play_in_groups,Red,CG,False,pick,4,Twisted Fate,mid
1477,play_in_groups,Red,CG,False,pick,498,Xayah,bot
1478,play_in_groups,Red,CG,False,pick,497,Rakan,supp
1479,play_in_groups,Blue,CG,True,ban,8,Vladimir,
1480,play_in_groups,Blue,CG,True,ban,134,Syndra,
1481,play_in_groups,Blue,CG,True,ban,25,Morgana,
1482,play_in_groups,Blue,CG,True,ban,89,Leona,
1483,play_in_groups,Blue,CG,True,ban,111,Nautilus,
1484,play_in_groups,Blue,CG,True,pick,13,Ryze,top
1485,play_in_groups,Blue,CG,True,pick,421,Rek'Sai,jungle
1486,play_in_groups,Blue,CG,True,pick,127,Lissandra,mid
1487,play_in_groups,Blue,CG,True,pick,145,Kai'Sa,bot
1488,play_in_groups,Blue,CG,True,pick,497,Rakan,supp
1489,play_in_groups,Red,MMM,False,ban,80,Pantheon,
1490,play_in_groups,Red,MMM,False,ban,246,Qiyana,
1491,play_in_groups,Red,MMM,False,ban,68,Rumble,
1492,play_in_groups,Red,MMM,False,ban,236,Lucian,
1493,play_in_groups,Red,MMM,False,ban,18,Tristana,
1494,play_in_groups,Red,MMM,False,pick,41,Gangplank,top
1495,play_in_groups,Red,MMM,False,pick,59,Jarvan IV,jungle
1496,play_in_groups,Red,MMM,False,pick,7,LeBlanc,mid
1497,play_in_groups,Red,MMM,False,pick,498,Xayah,bot
1498,play_in_groups,Red,MMM,False,pick,12,Alistar,supp
1499,groups,Blue,SKT,True,ban,68,Rumble,
1500,groups,Blue,SKT,True,ban,246,Qiyana,
1501,groups,Blue,SKT,True,ban,133,Quinn,
1502,groups,Blue,SKT,True,ban,41,Gangplank,
1503,groups,Blue,SKT,True,ban,25,Morgana,
1504,groups,Blue,SKT,True,pick,84,Akali,top
1505,groups,Blue,SKT,True,pick,60,Elise,jungle
1506,groups,Blue,SKT,True,pick,164,Camille,mid
1507,groups,Blue,SKT,True,pick,498,Xayah,bot
1508,groups,Blue,SKT,True,pick,497,Rakan,supp
1509,groups,Red,CG,False,ban,80,Pantheon,
1510,groups,Red,CG,False,ban,157,Yasuo,
1511,groups,Red,CG,False,ban,58,Renekton,
1512,groups,Red,CG,False,ban,126,Jayce,
1513,groups,Red,CG,False,ban,59,Jarvan IV,
1514,groups,Red,CG,False,pick,81,Ezreal,top
1515,groups,Red,CG,False,pick,72,Skarner,jungle
1516,groups,Red,CG,False,pick,13,Ryze,mid
1517,groups,Red,CG,False,pick,74,Heimerdinger,bot
1518,groups,Red,CG,False,pick,111,Nautilus,supp
1519,groups,Blue,CG,False,ban,4,Twisted Fate,
1520,groups,Blue,CG,False,ban,350,Yuumi,
1521,groups,Blue,CG,False,ban,134,Syndra,
1522,groups,Blue,CG,False,ban,497,Rakan,
1523,groups,Blue,CG,False,ban,266,Aatrox,
1524,groups,Blue,CG,False,pick,41,Gangplank,top
1525,groups,Blue,CG,False,pick,64,Lee Sin,jungle
1526,groups,Blue,CG,False,pick,13,Ryze,mid
1527,groups,Blue,CG,False,pick,74,Heimerdinger,bot
1528,groups,Blue,CG,False,pick,555,Pyke,supp
1529,groups,Red,FNC,True,ban,246,Qiyana,
1530,groups,Red,FNC,True,ban,68,Rumble,
1531,groups,Red,FNC,True,ban,80,Pantheon,
1532,groups,Red,FNC,True,ban,111,Nautilus,
1533,groups,Red,FNC,True,ban,81,Ezreal,
1534,groups,Red,FNC,True,pick,6,Urgot,top
1535,groups,Red,FNC,True,pick,60,Elise,jungle
1536,groups,Red,FNC,True,pick,69,Cassiopeia,mid
1537,groups,Red,FNC,True,pick,498,Xayah,bot
1538,groups,Red,FNC,True,pick,89,Leona,supp
1539,groups,Blue,RNG,False,ban,60,Elise,
1540,groups,Blue,RNG,False,ban,84,Akali,
1541,groups,Blue,RNG,False,ban,58,Renekton,
1542,groups,Blue,RNG,False,ban,111,Nautilus,
1543,groups,Blue,RNG,False,ban,4,Twisted Fate,
1544,groups,Blue,RNG,False,pick,82,Mordekaiser,top
1545,groups,Blue,RNG,False,pick,59,Jarvan IV,jungle
1546,groups,Blue,RNG,False,pick,10,Kayle,mid
1547,groups,Blue,RNG,False,pick,81,Ezreal,bot
1548,groups,Blue,RNG,False,pick,3,Galio,supp
1549,groups,Red,SKT,True,ban,80,Pantheon,
1550,groups,Red,SKT,True,ban,498,Xayah,
1551,groups,Red,SKT,True,ban,25,Morgana,
1552,groups,Red,SKT,True,ban,223,Tahm Kench,
1553,groups,Red,SKT,True,ban,43,Karma,
1554,groups,Red,SKT,True,pick,41,Gangplank,top
1555,groups,Red,SKT,True,pick,64,Lee Sin,jungle
1556,groups,Red,SKT,True,pick,13,Ryze,mid
1557,groups,Red,SKT,True,pick,145,Kai'Sa,bot
1558,groups,Red,SKT,True,pick,89,Leona,supp
1559,groups,Blue,FNC,True,ban,246,Qiyana,
1560,groups,Blue,FNC,True,ban,59,Jarvan IV,
1561,groups,Blue,FNC,True,ban,10,Kayle,
1562,groups,Blue,FNC,True,ban,53,Blitzcrank,
1563,groups,Blue,FNC,True,ban,111,Nautilus,
1564,groups,Blue,FNC,True,pick,41,Gangplank,top
1565,groups,Blue,FNC,True,pick,79,Gragas,jungle
1566,groups,Blue,FNC,True,pick,69,Cassiopeia,mid
1567,groups,Blue,FNC,True,pick,498,Xayah,bot
1568,groups,Blue,FNC,True,pick,555,Pyke,supp
1569,groups,Red,RNG,False,ban,80,Pantheon,
1570,groups,Red,RNG,False,ban,4,Twisted Fate,
1571,groups,Red,RNG,False,ban,45,Veigar,
1572,groups,Red,RNG,False,ban,89,Leona,
1573,groups,Red,RNG,False,ban,497,Rakan,
1574,groups,Red,RNG,False,pick,150,Gnar,top
1575,groups,Red,RNG,False,pick,64,Lee Sin,jungle
1576,groups,Red,RNG,False,pick,13,Ryze,mid
1577,groups,Red,RNG,False,pick,81,Ezreal,bot
1578,groups,Red,RNG,False,pick,117,Lulu,supp
1579,groups,Blue,FNC,False,ban,60,Elise,
1580,groups,Blue,FNC,False,ban,246,Qiyana,
1581,groups,Blue,FNC,False,ban,58,Renekton,
1582,groups,Blue,FNC,False,ban,67,Vayne,
1583,groups,Blue,FNC,False,ban,497,Rakan,
1584,groups,Blue,FNC,False,pick,41,Gangplank,top
1585,groups,Blue,FNC,False,pick,421,Rek'Sai,jungle
1586,groups,Blue,FNC,False,pick,13,Ryze,mid
1587,groups,Blue,FNC,False,pick,86,Garen,bot
1588,groups,Blue,FNC,False,pick,350,Yuumi,supp
1589,groups,Red,SKT,True,ban,80,Pantheon,
1590,groups,Red,SKT,True,ban,4,Twisted Fate,
1591,groups,Red,SKT,True,ban,134,Syndra,
1592,groups,Red,SKT,True,ban,79,Gragas,
1593,groups,Red,SKT,True,ban,517,Sylas,
1594,groups,Red,SKT,True,pick,84,Akali,top
1595,groups,Red,SKT,True,pick,64,Lee Sin,jungle
1596,groups,Red,SKT,True,pick,18,Tristana,mid
1597,groups,Red,SKT,True,pick,10,Kayle,bot
1598,groups,Red,SKT,True,pick,111,Nautilus,supp
1599,groups,Blue,CG,False,ban,58,Renekton,
1600,groups,Blue,CG,False,ban,10,Kayle,
1601,groups,Blue,CG,False,ban,25,Morgana,
1602,groups,Blue,CG,False,ban,13,Ryze,
1603,groups,Blue,CG,False,ban,145,Kai'Sa,
1604,groups,Blue,CG,False,pick,8,Vladimir,top
1605,groups,Blue,CG,False,pick,113,Sejuani,jungle
1606,groups,Blue,CG,False,pick,246,Qiyana,mid
1607,groups,Blue,CG,False,pick,498,Xayah,bot
1608,groups,Blue,CG,False,pick,497,Rakan,supp
1609,groups,Red,SKT,True,ban,80,Pantheon,
1610,groups,Red,SKT,True,ban,68,Rumble,
1611,groups,Red,SKT,True,ban,60,Elise,
1612,groups,Red,SKT,True,ban,163,Taliyah,
1613,groups,Red,SKT,True,ban,72,Skarner,
1614,groups,Red,SKT,True,pick,266,Aatrox,top
1615,groups,Red,SKT,True,pick,64,Lee Sin,jungle
1616,groups,Red,SKT,True,pick,84,Akali,mid
1617,groups,Red,SKT,True,pick,157,Yasuo,bot
1618,groups,Red,SKT,True,pick,79,Gragas,supp
1619,groups,Blue,RNG,True,ban,4,Twisted Fate,
1620,groups,Blue,RNG,True,ban,350,Yuumi,
1621,groups,Blue,RNG,True,ban,134,Syndra,
1622,groups,Blue,RNG,True,ban,555,Pyke,
1623,groups,Blue,RNG,True,ban,41,Gangplank,
1624,groups,Blue,RNG,True,pick,150,Gnar,top
1625,groups,Blue,RNG,True,pick,421,Rek'Sai,jungle
1626,groups,Blue,RNG,True,pick,13,Ryze,mid
1627,groups,Blue,RNG,True,pick,498,Xayah,bot
1628,groups,Blue,RNG,True,pick,43,Karma,supp
1629,groups,Red,FNC,False,ban,80,Pantheon,
1630,groups,Red,FNC,False,ban,79,Gragas,
1631,groups,Red,FNC,False,ban,246,Qiyana,
1632,groups,Red,FNC,False,ban,58,Renekton,
1633,groups,Red,FNC,False,ban,8,Vladimir,
1634,groups,Red,FNC,False,pick,98,Shen,top
1635,groups,Red,FNC,False,pick,64,Lee Sin,jungle
1636,groups,Red,FNC,False,pick,10,Kayle,mid
1637,groups,Red,FNC,False,pick,25,Morgana,bot
1638,groups,Red,FNC,False,pick,53,Blitzcrank,supp
1639,groups,Blue,FNC,True,ban,68,Rumble,
1640,groups,Blue,FNC,True,ban,246,Qiyana,
1641,groups,Blue,FNC,True,ban,497,Rakan,
1642,groups,Blue,FNC,True,ban,67,Vayne,
1643,groups,Blue,FNC,True,ban,41,Gangplank,
1644,groups,Blue,FNC,True,pick,98,Shen,top
1645,groups,Blue,FNC,True,pick,64,Lee Sin,jungle
1646,groups,Blue,FNC,True,pick,84,Akali,mid
1647,groups,Blue,FNC,True,pick,86,Garen,bot
1648,groups,Blue,FNC,True,pick,350,Yuumi,supp
1649,groups,Red,CG,False,ban,80,Pantheon,
1650,groups,Red,CG,False,ban,4,Twisted Fate,
1651,groups,Red,CG,False,ban,134,Syndra,
1652,groups,Red,CG,False,ban,10,Kayle,
1653,groups,Red,CG,False,ban,7,LeBlanc,
1654,groups,Red,CG,False,pick,18,Tristana,top
1655,groups,Red,CG,False,pick,60,Elise,jungle
1656,groups,Red,CG,False,pick,61,Orianna,mid
1657,groups,Red,CG,False,pick,236,Lucian,bot
1658,groups,Red,CG,False,pick,432,Bard,supp
1659,groups,Blue,CG,False,ban,58,Renekton,
1660,groups,Blue,CG,False,ban,64,Lee Sin,
1661,groups,Blue,CG,False,ban,164,Camille,
1662,groups,Blue,CG,False,ban,223,Tahm Kench,
1663,groups,Blue,CG,False,ban,3,Galio,
1664,groups,Blue,CG,False,pick,246,Qiyana,top
1665,groups,Blue,CG,False,pick,421,Rek'Sai,jungle
1666,groups,Blue,CG,False,pick,10,Kayle,mid
1667,groups,Blue,CG,False,pick,145,Kai'Sa,bot
1668,groups,Blue,CG,False,pick,497,Rakan,supp
1669,groups,Red,RNG,True,ban,80,Pantheon,
1670,groups,Red,RNG,True,ban,68,Rumble,
1671,groups,Red,RNG,True,ban,60,Elise,
1672,groups,Red,RNG,True,ban,41,Gangplank,
1673,groups,Red,RNG,True,ban,555,Pyke,
1674,groups,Red,RNG,True,pick,266,Aatrox,top
1675,groups,Red,RNG,True,pick,59,Jarvan IV,jungle
1676,groups,Red,RNG,True,pick,84,Akali,mid
1677,groups,Red,RNG,True,pick,81,Ezreal,bot
1678,groups,Red,RNG,True,pick,25,Morgana,supp
1679,groups,Blue,SKT,True,ban,25,Morgana,
1680,groups,Blue,SKT,True,ban,13,Ryze,
1681,groups,Blue,SKT,True,ban,10,Kayle,
1682,groups,Blue,SKT,True,ban,7,LeBlanc,
1683,groups,Blue,SKT,True,ban,43,Karma,
1684,groups,Blue,SKT,True,pick,58,Renekton,top
1685,groups,Blue,SKT,True,pick,79,Gragas,jungle
1686,groups,Blue,SKT,True,pick,4,Twisted Fate,mid
1687,groups,Blue,SKT,True,pick,81,Ezreal,bot
1688,groups,Blue,SKT,True,pick,412,Thresh,supp
1689,groups,Red,RNG,False,ban,80,Pantheon,
1690,groups,Red,RNG,False,ban,84,Akali,
1691,groups,Red,RNG,False,ban,60,Elise,
1692,groups,Red,RNG,False,ban,41,Gangplank,
1693,groups,Red,RNG,False,ban,429,Kalista,
1694,groups,Red,RNG,False,pick,82,Mordekaiser,top
1695,groups,Red,RNG,False,pick,64,Lee Sin,jungle
1696,groups,Red,RNG,False,pick,142,Zoe,mid
1697,groups,Red,RNG,False,pick,498,Xayah,bot
1698,groups,Red,RNG,False,pick,53,Blitzcrank,supp
1699,groups,Blue,SKT,False,ban,4,Twisted Fate,
1700,groups,Blue,SKT,False,ban,350,Yuumi,
1701,groups,Blue,SKT,False,ban,10,Kayle,
1702,groups,Blue,SKT,False,ban,69,Cassiopeia,
1703,groups,Blue,SKT,False,ban,497,Rakan,
1704,groups,Blue,SKT,False,pick,8,Vladimir,top
1705,groups,Blue,SKT,False,pick,64,Lee Sin,jungle
1706,groups,Blue,SKT,False,pick,84,Akali,mid
1707,groups,Blue,SKT,False,pick,145,Kai'Sa,bot
1708,groups,Blue,SKT,False,pick,12,Alistar,supp
1709,groups,Red,FNC,True,ban,80,Pantheon,
1710,groups,Red,FNC,True,ban,58,Renekton,
1711,groups,Red,FNC,True,ban,246,Qiyana,
1712,groups,Red,FNC,True,ban,111,Nautilus,
1713,groups,Red,FNC,True,ban,13,Ryze,
1714,groups,Red,FNC,True,pick,41,Gangplank,top
1715,groups,Red,FNC,True,pick,79,Gragas,jungle
1716,groups,Red,FNC,True,pick,45,Veigar,mid
1717,groups,Red,FNC,True,pick,498,Xayah,bot
1718,groups,Red,FNC,True,pick,89,Leona,supp
1719,groups,Blue,RNG,True,ban,68,Rumble,
1720,groups,Blue,RNG,True,ban,246,Qiyana,
1721,groups,Blue,RNG,True,ban,60,Elise,
1722,groups,Blue,RNG,True,ban,421,Rek'Sai,
1723,groups,Blue,RNG,True,ban,59,Jarvan IV,
1724,groups,Blue,RNG,True,pick,58,Renekton,top
1725,groups,Blue,RNG,True,pick,64,Lee Sin,jungle
1726,groups,Blue,RNG,True,pick,10,Kayle,mid
1727,groups,Blue,RNG,True,pick,498,Xayah,bot
1728,groups,Blue,RNG,True,pick,53,Blitzcrank,supp
1729,groups,Red,CG,False,ban,80,Pantheon,
1730,groups,Red,CG,False,ban,25,Morgana,
1731,groups,Red,CG,False,ban,145,Kai'Sa,
1732,groups,Red,CG,False,ban,12,Alistar,
1733,groups,Red,CG,False,ban,89,Leona,
1734,groups,Red,CG,False,pick,150,Gnar,top
1735,groups,Red,CG,False,pick,56,Nocturne,jungle
1736,groups,Red,CG,False,pick,134,Syndra,mid
1737,groups,Red,CG,False,pick,236,Lucian,bot
1738,groups,Red,CG,False,pick,497,Rakan,supp
1739,play_in_groups,Blue,LK,True,ban,58,Renekton,
1740,play_in_groups,Blue,LK,True,ban,3,Galio,
1741,play_in_groups,Blue,LK,True,ban,111,Nautilus,
1742,play_in_groups,Blue,LK,True,ban,421,Rek'Sai,
1743,play_in_groups,Blue,LK,True,ban,2,Olaf,
1744,play_in_groups,Blue,LK,True,pick,240,Kled,top
1745,play_in_groups,Blue,LK,True,pick,60,Elise,jungle
1746,play_in_groups,Blue,LK,True,pick,84,Akali,mid
1747,play_in_groups,Blue,LK,True,pick,236,Lucian,bot
1748,play_in_groups,Blue,LK,True,pick,412,Thresh,supp
1749,play_in_groups,Red,MG,False,ban,79,Gragas,
1750,play_in_groups,Red,MG,False,ban,25,Morgana,
1751,play_in_groups,Red,MG,False,ban,80,Pantheon,
1752,play_in_groups,Red,MG,False,ban,22,Ashe,
1753,play_in_groups,Red,MG,False,ban,18,Tristana,
1754,play_in_groups,Red,MG,False,pick,164,Camille,top
1755,play_in_groups,Red,MG,False,pick,5,Xin Zhao,jungle
1756,play_in_groups,Red,MG,False,pick,7,LeBlanc,mid
1757,play_in_groups,Red,MG,False,pick,498,Xayah,bot
1758,play_in_groups,Red,MG,False,pick,497,Rakan,supp
1759,play_in_groups,Blue,MG,False,ban,79,Gragas,
1760,play_in_groups,Blue,MG,False,ban,2,Olaf,
1761,play_in_groups,Blue,MG,False,ban,246,Qiyana,
1762,play_in_groups,Blue,MG,False,ban,4,Twisted Fate,
1763,play_in_groups,Blue,MG,False,ban,41,Gangplank,
1764,play_in_groups,Blue,MG,False,pick,58,Renekton,top
1765,play_in_groups,Blue,MG,False,pick,421,Rek'Sai,jungle
1766,play_in_groups,Blue,MG,False,pick,134,Syndra,mid
1767,play_in_groups,Blue,MG,False,pick,18,Tristana,bot
1768,play_in_groups,Blue,MG,False,pick,412,Thresh,supp
1769,play_in_groups,Red,HKA,True,ban,80,Pantheon,
1770,play_in_groups,Red,HKA,True,ban,60,Elise,
1771,play_in_groups,Red,HKA,True,ban,7,LeBlanc,
1772,play_in_groups,Red,HKA,True,ban,81,Ezreal,
1773,play_in_groups,Red,HKA,True,ban,145,Kai'Sa,
1774,play_in_groups,Red,HKA,True,pick,133,Quinn,top
1775,play_in_groups,Red,HKA,True,pick,64,Lee Sin,jungle
1776,play_in_groups,Red,HKA,True,pick,42,Corki,mid
1777,play_in_groups,Red,HKA,True,pick,498,Xayah,bot
1778,play_in_groups,Red,HKA,True,pick,497,Rakan,supp
1779,play_in_groups,Blue,MG,True,ban,79,Gragas,
1780,play_in_groups,Blue,MG,True,ban,25,Morgana,
1781,play_in_groups,Blue,MG,True,ban,246,Qiyana,
1782,play_in_groups,Blue,MG,True,ban,498,Xayah,
1783,play_in_groups,Blue,MG,True,ban,421,Rek'Sai,
1784,play_in_groups,Blue,MG,True,pick,164,Camille,top
1785,play_in_groups,Blue,MG,True,pick,163,Taliyah,jungle
1786,play_in_groups,Blue,MG,True,pick,80,Pantheon,mid
1787,play_in_groups,Blue,MG,True,pick,145,Kai'Sa,bot
1788,play_in_groups,Blue,MG,True,pick,111,Nautilus,supp
1789,play_in_groups,Red,LK,False,ban,58,Renekton,
1790,play_in_groups,Red,LK,False,ban,350,Yuumi,
1791,play_in_groups,Red,LK,False,ban,126,Jayce,
1792,play_in_groups,Red,LK,False,ban,2,Olaf,
1793,play_in_groups,Red,LK,False,ban,60,Elise,
1794,play_in_groups,Red,LK,False,pick,41,Gangplank,top
1795,play_in_groups,Red,LK,False,pick,64,Lee Sin,jungle
1796,play_in_groups,Red,LK,False,pick,84,Akali,mid
1797,play_in_groups,Red,LK,False,pick,134,Syndra,bot
1798,play_in_groups,Red,LK,False,pick,412,Thresh,supp
1799,play_in_groups,Blue,HKA,False,ban,25,Morgana,
1800,play_in_groups,Blue,HKA,False,ban,80,Pantheon,
1801,play_in_groups,Blue,HKA,False,ban,7,LeBlanc,
1802,play_in_groups,Blue,HKA,False,ban,111,Nautilus,
1803,play_in_groups,Blue,HKA,False,ban,412,Thresh,
1804,play_in_groups,Blue,HKA,False,pick,82,Mordekaiser,top
1805,play_in_groups,Blue,HKA,False,pick,60,Elise,jungle
1806,play_in_groups,Blue,HKA,False,pick,246,Qiyana,mid
1807,play_in_groups,Blue,HKA,False,pick,15,Sivir,bot
1808,play_in_groups,Blue,HKA,False,pick,555,Pyke,supp
1809,play_in_groups,Red,LK,True,ban,58,Renekton,
1810,play_in_groups,Red,LK,True,ban,30,Karthus,
1811,play_in_groups,Red,LK,True,ban,84,Akali,
1812,play_in_groups,Red,LK,True,ban,126,Jayce,
1813,play_in_groups,Red,LK,True,ban,498,Xayah,
1814,play_in_groups,Red,LK,True,pick,41,Gangplank,top
1815,play_in_groups,Red,LK,True,pick,79,Gragas,jungle
1816,play_in_groups,Red,LK,True,pick,18,Tristana,mid
1817,play_in_groups,Red,LK,True,pick,134,Syndra,bot
1818,play_in_groups,Red,LK,True,pick,89,Leona,supp
1819,play_in_groups,Blue,LK,False,ban,58,Renekton,
1820,play_in_groups,Blue,LK,False,ban,7,LeBlanc,
1821,play_in_groups,Blue,LK,False,ban,79,Gragas,
1822,play_in_groups,Blue,LK,False,ban,134,Syndra,
1823,play_in_groups,Blue,LK,False,ban,3,Galio,
1824,play_in_groups,Blue,LK,False,pick,164,Camille,top
1825,play_in_groups,Blue,LK,False,pick,60,Elise,jungle
1826,play_in_groups,Blue,LK,False,pick,84,Akali,mid
1827,play_in_groups,Blue,LK,False,pick,51,Caitlyn,bot
1828,play_in_groups,Blue,LK,False,pick,99,Lux,supp
1829,play_in_groups,Red,HKA,True,ban,18,Tristana,
1830,play_in_groups,Red,HKA,True,ban,80,Pantheon,
1831,play_in_groups,Red,HKA,True,ban,25,Morgana,
1832,play_in_groups,Red,HKA,True,ban,412,Thresh,
1833,play_in_groups,Red,HKA,True,ban,246,Qiyana,
1834,play_in_groups,Red,HKA,True,pick,41,Gangplank,top
1835,play_in_groups,Red,HKA,True,pick,64,Lee Sin,jungle
1836,play_in_groups,Red,HKA,True,pick,127,Lissandra,mid
1837,play_in_groups,Red,HKA,True,pick,498,Xayah,bot
1838,play_in_groups,Red,HKA,True,pick,497,Rakan,supp
1839,play_in_groups,Blue,HKA,True,ban,18,Tristana,
1840,play_in_groups,Blue,HKA,True,ban,89,Leona,
1841,play_in_groups,Blue,HKA,True,ban,80,Pantheon,
1842,play_in_groups,Blue,HKA,True,ban,39,Irelia,
1843,play_in_groups,Blue,HKA,True,ban,7,LeBlanc,
1844,play_in_groups,Blue,HKA,True,pick,150,Gnar,top
1845,play_in_groups,Blue,HKA,True,pick,64,Lee Sin,jungle
1846,play_in_groups,Blue,HKA,True,pick,134,Syndra,mid
1847,play_in_groups,Blue,HKA,True,pick,81,Ezreal,bot
1848,play_in_groups,Blue,HKA,True,pick,497,Rakan,supp
1849,play_in_groups,Red,MG,False,ban,79,Gragas,
1850,play_in_groups,Red,MG,False,ban,58,Renekton,
1851,play_in_groups,Red,MG,False,ban,246,Qiyana,
1852,play_in_groups,Red,MG,False,ban,60,Elise,
1853,play_in_groups,Red,MG,False,ban,2,Olaf,
1854,play_in_groups,Red,MG,False,pick,84,Akali,top
1855,play_in_groups,Red,MG,False,pick,59,Jarvan IV,jungle
1856,play_in_groups,Red,MG,False,pick,3,Galio,mid
1857,play_in_groups,Red,MG,False,pick,498,Xayah,bot
1858,play_in_groups,Red,MG,False,pick,111,Nautilus,supp
